progress_total,panas_negative,stress_total,partno,realtime
23,15,1,dc990a2ce52ba0b2d2d766e43c5071d6,0
23,15,1,dc990a2ce52ba0b2d2d766e43c5071d6,1
25,14,1,dc990a2ce52ba0b2d2d766e43c5071d6,1.99000000000524
26,14,1,dc990a2ce52ba0b2d2d766e43c5071d6,2.99000000000524
25,16,1,dc990a2ce52ba0b2d2d766e43c5071d6,3.9800000000032
30,15,1,dc990a2ce52ba0b2d2d766e43c5071d6,4.99000000000524
24,18,1,dc990a2ce52ba0b2d2d766e43c5071d6,5.99000000000524
26,16,1,dc990a2ce52ba0b2d2d766e43c5071d6,7.01000000000204
26,15,2,dc990a2ce52ba0b2d2d766e43c5071d6,8
28,17,1,dc990a2ce52ba0b2d2d766e43c5071d6,8.9800000000032
27,17,1,dc990a2ce52ba0b2d2d766e43c5071d6,9.99000000000524
27,16,1,dc990a2ce52ba0b2d2d766e43c5071d6,10.9900000000052
24,21,1,dc990a2ce52ba0b2d2d766e43c5071d6,11.9800000000032
30,18,1,dc990a2ce52ba0b2d2d766e43c5071d6,13
18,12,1,978ab3ec30a08bfd9baec0a9d13b9408,0
18,12,1,978ab3ec30a08bfd9baec0a9d13b9408,1.02999999999884
17,18,1,978ab3ec30a08bfd9baec0a9d13b9408,2.01000000000204
18,18,1,978ab3ec30a08bfd9baec0a9d13b9408,3.0199999999968
17,22,1,978ab3ec30a08bfd9baec0a9d13b9408,4.01000000000204
15,17,1,978ab3ec30a08bfd9baec0a9d13b9408,5.01000000000204
15,27,1,978ab3ec30a08bfd9baec0a9d13b9408,6.11000000000058
17,20,1,978ab3ec30a08bfd9baec0a9d13b9408,7.04000000000087
16,24,1,978ab3ec30a08bfd9baec0a9d13b9408,8.13999999999942
17,17,1,978ab3ec30a08bfd9baec0a9d13b9408,9
19,16,1,978ab3ec30a08bfd9baec0a9d13b9408,10.1200000000026
19,25,1,978ab3ec30a08bfd9baec0a9d13b9408,11.1299999999974
20,18,1,978ab3ec30a08bfd9baec0a9d13b9408,12.1900000000023
14,35,1,978ab3ec30a08bfd9baec0a9d13b9408,13.0199999999968
,,0,978ab3ec30a08bfd9baec0a9d13b9408,13
21,19,1,690932590fe28b33f710309ee64db72a,0
18,16,1,690932590fe28b33f710309ee64db72a,1
19,14,1,690932590fe28b33f710309ee64db72a,2
20,14,1,690932590fe28b33f710309ee64db72a,4.05999999999767
16,20,1,690932590fe28b33f710309ee64db72a,5.11000000000058
17,21,1,690932590fe28b33f710309ee64db72a,6.08999999999651
17,15,1,690932590fe28b33f710309ee64db72a,7
16,17,1,690932590fe28b33f710309ee64db72a,8.09999999999855
18,23,1,690932590fe28b33f710309ee64db72a,9.0199999999968
17,23,1,690932590fe28b33f710309ee64db72a,10.0299999999988
20,10,1,690932590fe28b33f710309ee64db72a,11.0400000000009
16,18,1,690932590fe28b33f710309ee64db72a,12.0999999999985
20,19,1,690932590fe28b33f710309ee64db72a,13.0199999999968
17,16,1,690932590fe28b33f710309ee64db72a,14.6699999999983
16,28,1,690932590fe28b33f710309ee64db72a,3
16,24,2,54a484381886be2da2eb5c7a17f6ed33,0
16,10,1,54a484381886be2da2eb5c7a17f6ed33,1.91999999999825
14,11,1,54a484381886be2da2eb5c7a17f6ed33,2.91999999999825
19,22,1,54a484381886be2da2eb5c7a17f6ed33,3.91999999999825
18,13,1,54a484381886be2da2eb5c7a17f6ed33,4.91999999999825
19,16,1,54a484381886be2da2eb5c7a17f6ed33,5.91999999999825
18,13,1,54a484381886be2da2eb5c7a17f6ed33,6.93000000000029
17,10,1,54a484381886be2da2eb5c7a17f6ed33,7.94999999999709
16,12,1,54a484381886be2da2eb5c7a17f6ed33,8.91999999999825
17,11,1,54a484381886be2da2eb5c7a17f6ed33,9.91999999999825
17,10,1,54a484381886be2da2eb5c7a17f6ed33,10.9199999999983
16,10,1,54a484381886be2da2eb5c7a17f6ed33,11.9199999999983
15,13,1,54a484381886be2da2eb5c7a17f6ed33,12.9300000000003
19,14,1,54a484381886be2da2eb5c7a17f6ed33,0.919999999998254
16,21,1,56be0b1a8fe981b35754929bbc48cf84,0
9,25,1,56be0b1a8fe981b35754929bbc48cf84,2.27999999999884
11,19,1,56be0b1a8fe981b35754929bbc48cf84,2.93999999999505
11,24,1,56be0b1a8fe981b35754929bbc48cf84,3.94999999999709
10,23,1,56be0b1a8fe981b35754929bbc48cf84,4.91999999999825
12,23,1,56be0b1a8fe981b35754929bbc48cf84,5.93999999999505
11,26,1,56be0b1a8fe981b35754929bbc48cf84,6.91999999999825
12,23,1,56be0b1a8fe981b35754929bbc48cf84,7.93000000000029
10,22,1,56be0b1a8fe981b35754929bbc48cf84,8.91999999999825
10,25,1,56be0b1a8fe981b35754929bbc48cf84,9.91999999999825
12,20,1,56be0b1a8fe981b35754929bbc48cf84,10.9199999999983
10,21,1,56be0b1a8fe981b35754929bbc48cf84,11.9300000000003
10,23,1,56be0b1a8fe981b35754929bbc48cf84,12.9199999999983
14,23,1,56be0b1a8fe981b35754929bbc48cf84,0.989999999997963
,,0,56be0b1a8fe981b35754929bbc48cf84,2.95999999999913
24,33,1,5af60848ee27cd76580884b2c3142042,2.04000000000087
27,30,1,5af60848ee27cd76580884b2c3142042,2.43000000000029
22,26,1,5af60848ee27cd76580884b2c3142042,3.58000000000175
25,27,1,5af60848ee27cd76580884b2c3142042,4.59000000000378
25,38,1,5af60848ee27cd76580884b2c3142042,6.36000000000058
18,24,1,5af60848ee27cd76580884b2c3142042,6.69999999999709
12,37,1,5af60848ee27cd76580884b2c3142042,8.02999999999884
25,33,3,5af60848ee27cd76580884b2c3142042,10.3700000000026
17,36,4,5af60848ee27cd76580884b2c3142042,11.3400000000038
22,32,1,5af60848ee27cd76580884b2c3142042,13.3300000000017
16,30,2,5af60848ee27cd76580884b2c3142042,12.4499999999971
21,20,2,5af60848ee27cd76580884b2c3142042,0
25,37,1,5af60848ee27cd76580884b2c3142042,0.650000000001455
21,14,1,724d9b0e5536309b6e06cc838707ec41,1.98999999999796
19,13,1,724d9b0e5536309b6e06cc838707ec41,2.98999999999796
18,12,1,724d9b0e5536309b6e06cc838707ec41,4.73999999999796
19,12,1,724d9b0e5536309b6e06cc838707ec41,4.94999999999709
18,12,1,724d9b0e5536309b6e06cc838707ec41,6.06999999999971
16,12,1,724d9b0e5536309b6e06cc838707ec41,6.94999999999709
18,10,1,724d9b0e5536309b6e06cc838707ec41,7.94000000000233
19,12,1,724d9b0e5536309b6e06cc838707ec41,8.94000000000233
18,12,1,724d9b0e5536309b6e06cc838707ec41,9.93000000000029
18,12,1,724d9b0e5536309b6e06cc838707ec41,10.9800000000032
18,11,1,724d9b0e5536309b6e06cc838707ec41,11.9400000000023
18,12,1,724d9b0e5536309b6e06cc838707ec41,12.9800000000032
20,14,1,724d9b0e5536309b6e06cc838707ec41,0
19,13,1,724d9b0e5536309b6e06cc838707ec41,1.08000000000175
20,19,1,2ec79fcc04d239ef810c3957a1dd53c1,0
26,18,1,2ec79fcc04d239ef810c3957a1dd53c1,3
26,19,1,2ec79fcc04d239ef810c3957a1dd53c1,4
25,18,1,2ec79fcc04d239ef810c3957a1dd53c1,5
25,14,1,2ec79fcc04d239ef810c3957a1dd53c1,6.01000000000204
25,19,1,2ec79fcc04d239ef810c3957a1dd53c1,7.01000000000204
25,13,1,2ec79fcc04d239ef810c3957a1dd53c1,8
24,14,1,2ec79fcc04d239ef810c3957a1dd53c1,9
25,14,1,2ec79fcc04d239ef810c3957a1dd53c1,10.0199999999968
25,14,1,2ec79fcc04d239ef810c3957a1dd53c1,11
25,14,1,2ec79fcc04d239ef810c3957a1dd53c1,12.0199999999968
25,14,1,2ec79fcc04d239ef810c3957a1dd53c1,13.0400000000009
21,14,1,2ec79fcc04d239ef810c3957a1dd53c1,2
22,12,1,2ec79fcc04d239ef810c3957a1dd53c1,2.01000000000204
21,36,6,b56fb50a50ea0941515b023b67240b73,1.88999999999942
18,16,1,b56fb50a50ea0941515b023b67240b73,2.81999999999971
21,23,1,b56fb50a50ea0941515b023b67240b73,3.81999999999971
21,20,2,b56fb50a50ea0941515b023b67240b73,4.83000000000175
20,34,4,b56fb50a50ea0941515b023b67240b73,6.38999999999942
19,22,3,b56fb50a50ea0941515b023b67240b73,7.81999999999971
17,38,6,b56fb50a50ea0941515b023b67240b73,8.81999999999971
20,34,1,b56fb50a50ea0941515b023b67240b73,9.90999999999622
21,23,2,b56fb50a50ea0941515b023b67240b73,10.8899999999994
22,21,1,b56fb50a50ea0941515b023b67240b73,11.8399999999965
26,39,3,b56fb50a50ea0941515b023b67240b73,0
24,34,3,b56fb50a50ea0941515b023b67240b73,0.819999999999709
22,12,1,96bc7f287d9bb3add514123b8e16560e,0
20,12,2,96bc7f287d9bb3add514123b8e16560e,3.06999999999971
18,11,1,96bc7f287d9bb3add514123b8e16560e,4
18,10,1,96bc7f287d9bb3add514123b8e16560e,5.01000000000204
18,10,1,96bc7f287d9bb3add514123b8e16560e,6.02999999999884
20,12,1,96bc7f287d9bb3add514123b8e16560e,7.09999999999855
22,12,1,96bc7f287d9bb3add514123b8e16560e,8.02999999999884
19,11,1,96bc7f287d9bb3add514123b8e16560e,9.0199999999968
18,10,1,96bc7f287d9bb3add514123b8e16560e,11
18,10,1,96bc7f287d9bb3add514123b8e16560e,12.010000000002
20,11,1,96bc7f287d9bb3add514123b8e16560e,13.0400000000009
22,15,2,96bc7f287d9bb3add514123b8e16560e,1.01000000000204
18,12,1,96bc7f287d9bb3add514123b8e16560e,2.01000000000204
27,22,3,61c9f61a73603888e1976c02d57b9b20,1.08000000000175
26,22,5,61c9f61a73603888e1976c02d57b9b20,2
24,23,9,61c9f61a73603888e1976c02d57b9b20,0
27,20,1,61c9f61a73603888e1976c02d57b9b20,3.01000000000204
24,11,1,01e1a6c324bb6b0a4871f4cf647b06a5,0.989999999997963
24,23,1,01e1a6c324bb6b0a4871f4cf647b06a5,3.04999999999563
18,10,1,01e1a6c324bb6b0a4871f4cf647b06a5,5.05999999999767
18,10,1,01e1a6c324bb6b0a4871f4cf647b06a5,1.98999999999796
15,36,1,01e1a6c324bb6b0a4871f4cf647b06a5,7.68999999999505
21,14,1,01e1a6c324bb6b0a4871f4cf647b06a5,4.15000000000146
12,26,1,01e1a6c324bb6b0a4871f4cf647b06a5,10.0799999999945
16,12,1,01e1a6c324bb6b0a4871f4cf647b06a5,6.0199999999968
17,15,1,01e1a6c324bb6b0a4871f4cf647b06a5,12.6100000000006
17,15,1,01e1a6c324bb6b0a4871f4cf647b06a5,8.02999999999884
17,26,3,01e1a6c324bb6b0a4871f4cf647b06a5,0
,,0,01e1a6c324bb6b0a4871f4cf647b06a5,13.1399999999994
12,29,1,01e1a6c324bb6b0a4871f4cf647b06a5,11.0699999999997
18,10,1,9065f8879d57bf0f7ef36ba326f69878,4
18,10,1,9065f8879d57bf0f7ef36ba326f69878,5
18,10,1,9065f8879d57bf0f7ef36ba326f69878,6
18,13,1,9065f8879d57bf0f7ef36ba326f69878,3
18,10,1,9065f8879d57bf0f7ef36ba326f69878,8
18,10,1,9065f8879d57bf0f7ef36ba326f69878,9
24,10,1,9065f8879d57bf0f7ef36ba326f69878,10.0699999999997
18,10,2,9065f8879d57bf0f7ef36ba326f69878,7
18,10,1,9065f8879d57bf0f7ef36ba326f69878,12.0599999999977
25,17,1,9065f8879d57bf0f7ef36ba326f69878,0
18,10,1,9065f8879d57bf0f7ef36ba326f69878,1.01000000000204
18,10,1,9065f8879d57bf0f7ef36ba326f69878,2
18,10,1,9065f8879d57bf0f7ef36ba326f69878,11.0800000000017
18,10,1,9065f8879d57bf0f7ef36ba326f69878,13.010000000002
16,37,3,6cf011aed4ff43df2f27651d3a4ed402,0
18,31,2,6cf011aed4ff43df2f27651d3a4ed402,0.349999999998545
23,16,1,9bdd600f3729abfeb8060bb1e0ef59bb,0
19,10,1,cff4a1508f3d1dfd1f53c9996df31fe7,1.12999999999738
19,10,1,cff4a1508f3d1dfd1f53c9996df31fe7,0
21,10,1,cff4a1508f3d1dfd1f53c9996df31fe7,6.0199999999968
20,10,1,cff4a1508f3d1dfd1f53c9996df31fe7,2
22,11,1,cff4a1508f3d1dfd1f53c9996df31fe7,4.05000000000291
18,10,1,cff4a1508f3d1dfd1f53c9996df31fe7,10.010000000002
20,10,1,cff4a1508f3d1dfd1f53c9996df31fe7,7
21,10,1,cff4a1508f3d1dfd1f53c9996df31fe7,3
17,10,1,cff4a1508f3d1dfd1f53c9996df31fe7,9
,,1,cff4a1508f3d1dfd1f53c9996df31fe7,4.05000000000291
18,10,1,cff4a1508f3d1dfd1f53c9996df31fe7,11
18,14,1,cff4a1508f3d1dfd1f53c9996df31fe7,12
19,10,1,cff4a1508f3d1dfd1f53c9996df31fe7,8.01000000000204
18,10,1,cff4a1508f3d1dfd1f53c9996df31fe7,13.010000000002
19,18,1,5c64e1e5ef114943bcc1ecfb60dc7ed8,0
15,26,1,5c64e1e5ef114943bcc1ecfb60dc7ed8,5.02999999999884
15,30,1,5c64e1e5ef114943bcc1ecfb60dc7ed8,0.940000000002328
15,30,1,5c64e1e5ef114943bcc1ecfb60dc7ed8,2.97000000000116
16,25,1,5c64e1e5ef114943bcc1ecfb60dc7ed8,8.9800000000032
16,30,1,5c64e1e5ef114943bcc1ecfb60dc7ed8,6
15,30,1,5c64e1e5ef114943bcc1ecfb60dc7ed8,7.06999999999971
15,30,1,5c64e1e5ef114943bcc1ecfb60dc7ed8,3.97000000000116
20,11,1,5c64e1e5ef114943bcc1ecfb60dc7ed8,1.95999999999913
15,30,1,5c64e1e5ef114943bcc1ecfb60dc7ed8,9.95000000000437
15,30,1,5c64e1e5ef114943bcc1ecfb60dc7ed8,10.9800000000032
16,30,2,5c64e1e5ef114943bcc1ecfb60dc7ed8,8.01000000000204
15,30,1,5c64e1e5ef114943bcc1ecfb60dc7ed8,12.9500000000044
19,16,1,400de9a3a57f80deddd3efd3989d8899,0.969999999993888
20,14,1,400de9a3a57f80deddd3efd3989d8899,5.0199999999968
26,10,3,400de9a3a57f80deddd3efd3989d8899,1.93000000000029
24,14,1,400de9a3a57f80deddd3efd3989d8899,3.33999999999651
18,16,8,400de9a3a57f80deddd3efd3989d8899,0
23,10,1,400de9a3a57f80deddd3efd3989d8899,5.91999999999825
24,10,1,400de9a3a57f80deddd3efd3989d8899,6.87999999999738
23,10,1,400de9a3a57f80deddd3efd3989d8899,3.7699999999968
9,14,2,0976fd2b2fe940226cf03b7e6ad595d4,1.05000000000291
12,34,1,0976fd2b2fe940226cf03b7e6ad595d4,5.99000000000524
22,19,1,0976fd2b2fe940226cf03b7e6ad595d4,7.05000000000291
16,29,1,0976fd2b2fe940226cf03b7e6ad595d4,8.13000000000466
16,27,1,0976fd2b2fe940226cf03b7e6ad595d4,9.06000000000495
23,29,1,0976fd2b2fe940226cf03b7e6ad595d4,10.2800000000061
20,13,1,0976fd2b2fe940226cf03b7e6ad595d4,11.1900000000023
20,15,1,0976fd2b2fe940226cf03b7e6ad595d4,12.1900000000023
15,20,2,0976fd2b2fe940226cf03b7e6ad595d4,0
11,22,1,0976fd2b2fe940226cf03b7e6ad595d4,2.9800000000032
17,25,1,0976fd2b2fe940226cf03b7e6ad595d4,3.99000000000524
11,27,2,0976fd2b2fe940226cf03b7e6ad595d4,5.14000000000669
15,20,1,0976fd2b2fe940226cf03b7e6ad595d4,1.9800000000032
20,27,1,53f4b91d365315929c2b2d108a6cf62f,7.02999999999884
27,15,1,53f4b91d365315929c2b2d108a6cf62f,0
21,15,1,53f4b91d365315929c2b2d108a6cf62f,1
14,21,1,53f4b91d365315929c2b2d108a6cf62f,8.15000000000146
24,26,1,53f4b91d365315929c2b2d108a6cf62f,2.16999999999825
24,21,1,53f4b91d365315929c2b2d108a6cf62f,3.02999999999884
18,30,1,53f4b91d365315929c2b2d108a6cf62f,6.06999999999971
16,25,6,6c8055cba161920a6ac88f3b945fed2b,0
15,17,4,6c8055cba161920a6ac88f3b945fed2b,1
18,27,4,6c8055cba161920a6ac88f3b945fed2b,1.97000000000116
14,20,1,6c8055cba161920a6ac88f3b945fed2b,2.91999999999825
17,16,1,6c8055cba161920a6ac88f3b945fed2b,3.91999999999825
14,21,2,6c8055cba161920a6ac88f3b945fed2b,5.06999999999971
15,22,2,6c8055cba161920a6ac88f3b945fed2b,5.91999999999825
14,27,2,6c8055cba161920a6ac88f3b945fed2b,6.91999999999825
23,18,1,6c8055cba161920a6ac88f3b945fed2b,9.04999999999563
12,38,4,6c8055cba161920a6ac88f3b945fed2b,13.1199999999953
12,41,3,6c8055cba161920a6ac88f3b945fed2b,9.91999999999825
14,25,1,6c8055cba161920a6ac88f3b945fed2b,10.9199999999983
13,31,6,6c8055cba161920a6ac88f3b945fed2b,12.0699999999997
9,14,1,c9c57200c8674f9c6f5d9cf379674d23,1.12000000000262
9,12,1,c9c57200c8674f9c6f5d9cf379674d23,2.02999999999884
12,12,1,c9c57200c8674f9c6f5d9cf379674d23,3.72000000000116
9,12,1,c9c57200c8674f9c6f5d9cf379674d23,4.01000000000204
9,10,1,c9c57200c8674f9c6f5d9cf379674d23,6.16999999999825
9,10,1,c9c57200c8674f9c6f5d9cf379674d23,7.19000000000233
10,11,1,c9c57200c8674f9c6f5d9cf379674d23,8.66000000000349
9,12,1,c9c57200c8674f9c6f5d9cf379674d23,9.0199999999968
12,11,1,c9c57200c8674f9c6f5d9cf379674d23,10.1500000000015
11,12,1,c9c57200c8674f9c6f5d9cf379674d23,0
11,12,1,c9c57200c8674f9c6f5d9cf379674d23,5
10,10,1,c9c57200c8674f9c6f5d9cf379674d23,11.1800000000003
9,10,1,c9c57200c8674f9c6f5d9cf379674d23,12
10,10,2,c9c57200c8674f9c6f5d9cf379674d23,13
21,10,1,8dd2db5493d11b8646a540b8af112106,2
21,10,1,8dd2db5493d11b8646a540b8af112106,3
22,10,1,8dd2db5493d11b8646a540b8af112106,4.04000000000087
21,12,1,8dd2db5493d11b8646a540b8af112106,5.01000000000204
20,13,2,8dd2db5493d11b8646a540b8af112106,6.01000000000204
21,11,1,8dd2db5493d11b8646a540b8af112106,8.05000000000291
20,12,1,8dd2db5493d11b8646a540b8af112106,9
19,10,1,8dd2db5493d11b8646a540b8af112106,11
20,11,1,8dd2db5493d11b8646a540b8af112106,12.010000000002
22,12,3,8dd2db5493d11b8646a540b8af112106,0
20,10,1,8dd2db5493d11b8646a540b8af112106,13.010000000002
14,24,1,50cc439ff994caa780f0afcec9e574d6,4.93000000000029
15,16,1,50cc439ff994caa780f0afcec9e574d6,5.94000000000233
10,20,1,50cc439ff994caa780f0afcec9e574d6,6.94000000000233
17,16,1,50cc439ff994caa780f0afcec9e574d6,3.97000000000116
16,10,1,50cc439ff994caa780f0afcec9e574d6,8.97000000000116
18,12,1,50cc439ff994caa780f0afcec9e574d6,9.93000000000029
19,14,1,50cc439ff994caa780f0afcec9e574d6,10.9300000000003
14,14,1,50cc439ff994caa780f0afcec9e574d6,7.94000000000233
17,16,1,50cc439ff994caa780f0afcec9e574d6,0
19,10,1,50cc439ff994caa780f0afcec9e574d6,0.970000000001164
19,12,2,50cc439ff994caa780f0afcec9e574d6,2.0199999999968
16,31,2,50cc439ff994caa780f0afcec9e574d6,2.94000000000233
18,22,1,50cc439ff994caa780f0afcec9e574d6,11.9499999999971
15,16,1,50cc439ff994caa780f0afcec9e574d6,12.9400000000023
21,14,1,246b5f5e94754557f7745a9d61287ea5,5.04000000000087
25,12,1,246b5f5e94754557f7745a9d61287ea5,6
21,12,1,246b5f5e94754557f7745a9d61287ea5,3.12999999999738
21,12,1,246b5f5e94754557f7745a9d61287ea5,4.01000000000204
15,11,1,246b5f5e94754557f7745a9d61287ea5,9.12000000000262
17,10,1,246b5f5e94754557f7745a9d61287ea5,10.1500000000015
18,13,1,246b5f5e94754557f7745a9d61287ea5,7.09999999999855
13,14,1,246b5f5e94754557f7745a9d61287ea5,8.20999999999913
22,14,1,246b5f5e94754557f7745a9d61287ea5,0
20,22,1,246b5f5e94754557f7745a9d61287ea5,1.0199999999968
17,20,1,246b5f5e94754557f7745a9d61287ea5,2.05999999999767
15,12,1,246b5f5e94754557f7745a9d61287ea5,11
14,16,1,246b5f5e94754557f7745a9d61287ea5,12.1500000000015
23,13,1,08283d575da491f34de189372673a9fe,5.0199999999968
21,12,2,08283d575da491f34de189372673a9fe,5.93000000000029
22,12,1,08283d575da491f34de189372673a9fe,6.94999999999709
22,17,3,08283d575da491f34de189372673a9fe,0
24,15,2,08283d575da491f34de189372673a9fe,0.989999999997963
21,13,1,08283d575da491f34de189372673a9fe,9.93000000000029
22,12,1,08283d575da491f34de189372673a9fe,11
22,12,1,08283d575da491f34de189372673a9fe,7.94000000000233
22,11,1,08283d575da491f34de189372673a9fe,8.93000000000029
21,12,1,08283d575da491f34de189372673a9fe,1.93000000000029
22,13,1,08283d575da491f34de189372673a9fe,2.93000000000029
24,12,1,08283d575da491f34de189372673a9fe,4.02999999999884
22,14,1,08283d575da491f34de189372673a9fe,12.0199999999968
22,11,1,08283d575da491f34de189372673a9fe,13.010000000002
6,11,1,50aa14c87fada23baf583b7e789c2239,4.91999999999825
16,14,1,50aa14c87fada23baf583b7e789c2239,6.00999999999476
11,14,1,50aa14c87fada23baf583b7e789c2239,2.97999999999593
13,12,1,50aa14c87fada23baf583b7e789c2239,3.91999999999825
9,11,1,50aa14c87fada23baf583b7e789c2239,9.11000000000058
7,17,1,50aa14c87fada23baf583b7e789c2239,9.95999999999913
14,14,1,50aa14c87fada23baf583b7e789c2239,6.93000000000029
12,12,1,50aa14c87fada23baf583b7e789c2239,7.93000000000029
18,35,2,50aa14c87fada23baf583b7e789c2239,0
13,15,1,50aa14c87fada23baf583b7e789c2239,0.939999999995052
18,12,1,50aa14c87fada23baf583b7e789c2239,1.91999999999825
10,25,1,50aa14c87fada23baf583b7e789c2239,10.989999999998
16,23,1,50aa14c87fada23baf583b7e789c2239,12.5699999999997
14,28,1,50aa14c87fada23baf583b7e789c2239,12.9199999999983
18,10,1,a3a27ab14eacdabf682cb4f5c3d87274,3.15999999999622
21,17,4,a3a27ab14eacdabf682cb4f5c3d87274,0
21,17,3,a3a27ab14eacdabf682cb4f5c3d87274,1.08999999999651
21,11,1,a3a27ab14eacdabf682cb4f5c3d87274,1.98999999999796
20,10,1,a3a27ab14eacdabf682cb4f5c3d87274,7.05999999999767
20,13,1,a3a27ab14eacdabf682cb4f5c3d87274,4
19,14,1,a3a27ab14eacdabf682cb4f5c3d87274,5.02999999999884
20,12,1,a3a27ab14eacdabf682cb4f5c3d87274,6.11000000000058
20,11,1,a3a27ab14eacdabf682cb4f5c3d87274,8.98999999999796
20,12,1,a3a27ab14eacdabf682cb4f5c3d87274,12.0099999999948
19,11,1,a3a27ab14eacdabf682cb4f5c3d87274,13.0899999999965
20,10,1,a3a27ab14eacdabf682cb4f5c3d87274,11
21,10,1,a3a27ab14eacdabf682cb4f5c3d87274,8.11000000000058
21,11,1,a3a27ab14eacdabf682cb4f5c3d87274,10.0799999999945
11,11,1,7f419ddbb80553f511b2617551d78336,3.04000000000087
12,23,2,7f419ddbb80553f511b2617551d78336,2.15000000000146
15,18,1,7f419ddbb80553f511b2617551d78336,7
9,18,2,7f419ddbb80553f511b2617551d78336,4.04000000000087
14,14,1,7f419ddbb80553f511b2617551d78336,5.02999999999884
14,14,5,7f419ddbb80553f511b2617551d78336,6.15000000000146
17,17,1,7f419ddbb80553f511b2617551d78336,11.010000000002
14,14,1,7f419ddbb80553f511b2617551d78336,8.55999999999767
14,22,1,7f419ddbb80553f511b2617551d78336,9
19,16,1,7f419ddbb80553f511b2617551d78336,10.010000000002
11,19,5,7f419ddbb80553f511b2617551d78336,1.19999999999709
12,20,4,7f419ddbb80553f511b2617551d78336,0
15,19,1,7f419ddbb80553f511b2617551d78336,12
21,14,1,7f419ddbb80553f511b2617551d78336,13.0199999999968
20,28,1,2135130a4b59178212ee7abce863aa19,4.98999999999796
18,30,1,2135130a4b59178212ee7abce863aa19,6.0199999999968
18,27,3,2135130a4b59178212ee7abce863aa19,3.14999999999418
19,28,3,2135130a4b59178212ee7abce863aa19,4.00999999999476
20,19,1,2135130a4b59178212ee7abce863aa19,8.97999999999593
22,30,1,2135130a4b59178212ee7abce863aa19,11.0399999999936
21,38,1,2135130a4b59178212ee7abce863aa19,7.89999999999418
20,33,1,2135130a4b59178212ee7abce863aa19,7.94999999999709
20,23,1,2135130a4b59178212ee7abce863aa19,0
18,24,1,2135130a4b59178212ee7abce863aa19,0.989999999997963
24,30,1,2135130a4b59178212ee7abce863aa19,1.96999999999389
21,30,1,2135130a4b59178212ee7abce863aa19,11.0399999999936
23,30,1,2135130a4b59178212ee7abce863aa19,12.1199999999953
15,30,1,2135130a4b59178212ee7abce863aa19,12.9499999999971
14,29,1,37b46d56a0c9c0cf68fd79542591e287,5.01000000000204
15,22,3,37b46d56a0c9c0cf68fd79542591e287,2
20,28,3,37b46d56a0c9c0cf68fd79542591e287,3.02999999999884
12,22,1,37b46d56a0c9c0cf68fd79542591e287,4.02999999999884
15,31,1,37b46d56a0c9c0cf68fd79542591e287,9.09999999999854
16,22,1,37b46d56a0c9c0cf68fd79542591e287,6.08000000000175
16,27,1,37b46d56a0c9c0cf68fd79542591e287,7
15,24,1,37b46d56a0c9c0cf68fd79542591e287,8
18,24,3,37b46d56a0c9c0cf68fd79542591e287,0
16,28,3,37b46d56a0c9c0cf68fd79542591e287,1.09999999999854
12,18,1,37b46d56a0c9c0cf68fd79542591e287,13.010000000002
17,24,1,37b46d56a0c9c0cf68fd79542591e287,10
18,32,1,37b46d56a0c9c0cf68fd79542591e287,11.0199999999968
13,21,1,37b46d56a0c9c0cf68fd79542591e287,12.010000000002
17,30,1,9f7e1e1b3358d4810968982dc839d03d,3.98999999999796
21,24,1,9f7e1e1b3358d4810968982dc839d03d,0
22,23,1,9f7e1e1b3358d4810968982dc839d03d,0.989999999997963
18,31,1,9f7e1e1b3358d4810968982dc839d03d,2
15,30,1,9f7e1e1b3358d4810968982dc839d03d,3.0199999999968
24,24,1,9f7e1e1b3358d4810968982dc839d03d,4.98999999999796
15,30,1,9f7e1e1b3358d4810968982dc839d03d,6.06999999999971
15,30,1,9f7e1e1b3358d4810968982dc839d03d,7.06999999999971
15,30,1,9f7e1e1b3358d4810968982dc839d03d,8.07999999999447
15,30,1,9f7e1e1b3358d4810968982dc839d03d,10
15,31,1,9f7e1e1b3358d4810968982dc839d03d,9.04000000000087
15,30,1,9f7e1e1b3358d4810968982dc839d03d,10.989999999998
28,18,1,9f7e1e1b3358d4810968982dc839d03d,12
22,29,1,9f7e1e1b3358d4810968982dc839d03d,13.0400000000009
20,12,1,b5685425e78ed21182b3a0a8c56757d3,1.75
18,25,2,b5685425e78ed21182b3a0a8c56757d3,3.77999999999884
19,21,6,b5685425e78ed21182b3a0a8c56757d3,4.75
25,15,1,b5685425e78ed21182b3a0a8c56757d3,5.75
25,19,2,b5685425e78ed21182b3a0a8c56757d3,6.75
24,10,1,b5685425e78ed21182b3a0a8c56757d3,8.75
24,10,1,b5685425e78ed21182b3a0a8c56757d3,9.75
24,10,1,b5685425e78ed21182b3a0a8c56757d3,10.8000000000029
24,21,2,b5685425e78ed21182b3a0a8c56757d3,0
25,,0,b5685425e78ed21182b3a0a8c56757d3,7.79000000000087
21,17,1,b5685425e78ed21182b3a0a8c56757d3,2.75
20,13,1,b5685425e78ed21182b3a0a8c56757d3,0.779999999998836
22,14,1,b5685425e78ed21182b3a0a8c56757d3,12.75
16,15,1,59f6ea699dc36217ac867f9e76289782,5.05999999999767
17,23,1,59f6ea699dc36217ac867f9e76289782,3.01000000000204
22,15,1,59f6ea699dc36217ac867f9e76289782,4.0199999999968
13,18,1,59f6ea699dc36217ac867f9e76289782,10.0500000000029
17,21,1,59f6ea699dc36217ac867f9e76289782,6.09999999999855
16,18,1,59f6ea699dc36217ac867f9e76289782,8.01000000000204
16,14,1,59f6ea699dc36217ac867f9e76289782,9.02999999999884
16,22,1,59f6ea699dc36217ac867f9e76289782,2.0199999999968
19,11,1,59f6ea699dc36217ac867f9e76289782,0
17,14,1,59f6ea699dc36217ac867f9e76289782,1.91999999999825
,,0,59f6ea699dc36217ac867f9e76289782,1
16,14,1,59f6ea699dc36217ac867f9e76289782,12.0299999999988
16,12,1,59f6ea699dc36217ac867f9e76289782,13.010000000002
16,14,1,59f6ea699dc36217ac867f9e76289782,11
22,14,1,39179af19ae86e0df22956872d1cc6c6,6.87000000000262
28,10,1,39179af19ae86e0df22956872d1cc6c6,4.99000000000524
26,19,1,39179af19ae86e0df22956872d1cc6c6,5.90000000000146
20,10,1,39179af19ae86e0df22956872d1cc6c6,11.9300000000003
21,13,1,39179af19ae86e0df22956872d1cc6c6,8.92000000000553
21,18,1,39179af19ae86e0df22956872d1cc6c6,9.95999999999913
21,10,1,39179af19ae86e0df22956872d1cc6c6,10.9000000000015
21,13,1,39179af19ae86e0df22956872d1cc6c6,0
22,21,1,39179af19ae86e0df22956872d1cc6c6,0.959999999999127
20,21,1,39179af19ae86e0df22956872d1cc6c6,1.90000000000146
18,11,1,39179af19ae86e0df22956872d1cc6c6,3.92000000000553
18,10,1,39179af19ae86e0df22956872d1cc6c6,12.9500000000044
26,10,1,39179af19ae86e0df22956872d1cc6c6,2.88999999999942
16,20,1,b59e13f90e06b83f51253cad09c1d236,6.97000000000116
15,18,1,b59e13f90e06b83f51253cad09c1d236,7.94000000000233
16,10,1,b59e13f90e06b83f51253cad09c1d236,10.9400000000023
15,11,1,b59e13f90e06b83f51253cad09c1d236,12.0600000000049
16,12,1,b59e13f90e06b83f51253cad09c1d236,9.02000000000407
17,13,1,b59e13f90e06b83f51253cad09c1d236,10.0699999999997
12,21,5,b59e13f90e06b83f51253cad09c1d236,0
15,29,3,b59e13f90e06b83f51253cad09c1d236,0.990000000005239
16,13,1,b59e13f90e06b83f51253cad09c1d236,1.94000000000233
13,12,1,b59e13f90e06b83f51253cad09c1d236,3.01000000000204
16,12,1,b59e13f90e06b83f51253cad09c1d236,3.97000000000116
14,16,1,b59e13f90e06b83f51253cad09c1d236,12.9700000000012
12,28,8,49aa3bdba400696670bc3ffb59cd0a6d,5.98999999999796
8,23,6,49aa3bdba400696670bc3ffb59cd0a6d,6.98999999999796
13,20,7,49aa3bdba400696670bc3ffb59cd0a6d,9
13,16,4,49aa3bdba400696670bc3ffb59cd0a6d,10.0099999999948
14,18,2,49aa3bdba400696670bc3ffb59cd0a6d,11
17,19,7,49aa3bdba400696670bc3ffb59cd0a6d,7.98999999999796
14,28,6,49aa3bdba400696670bc3ffb59cd0a6d,0
17,32,8,49aa3bdba400696670bc3ffb59cd0a6d,0.989999999997963
15,34,9,49aa3bdba400696670bc3ffb59cd0a6d,2.00999999999476
18,37,9,49aa3bdba400696670bc3ffb59cd0a6d,3
19,40,7,49aa3bdba400696670bc3ffb59cd0a6d,3.98999999999796
13,37,8,49aa3bdba400696670bc3ffb59cd0a6d,5.07999999999447
19,18,1,49aa3bdba400696670bc3ffb59cd0a6d,11.989999999998
17,17,3,49aa3bdba400696670bc3ffb59cd0a6d,12.989999999998
18,18,1,9fe8284e1c5a09b3762ff3515c7ef17b,7.9600000000064
17,18,1,9fe8284e1c5a09b3762ff3515c7ef17b,8.91000000000349
16,28,1,9fe8284e1c5a09b3762ff3515c7ef17b,4.92000000000553
17,30,1,9fe8284e1c5a09b3762ff3515c7ef17b,6.59000000000378
18,18,1,9fe8284e1c5a09b3762ff3515c7ef17b,12.010000000002
19,16,1,9fe8284e1c5a09b3762ff3515c7ef17b,13.070000000007
18,17,1,9fe8284e1c5a09b3762ff3515c7ef17b,10.010000000002
19,19,1,9fe8284e1c5a09b3762ff3515c7ef17b,10.9900000000052
18,18,1,9fe8284e1c5a09b3762ff3515c7ef17b,0
20,20,1,9fe8284e1c5a09b3762ff3515c7ef17b,0.940000000002328
17,27,1,9fe8284e1c5a09b3762ff3515c7ef17b,6.91000000000349
20,16,1,9fe8284e1c5a09b3762ff3515c7ef17b,2.93000000000029
21,32,4,9fe8284e1c5a09b3762ff3515c7ef17b,3.95000000000437
19,16,1,9fe8284e1c5a09b3762ff3515c7ef17b,1.93000000000029
21,12,1,4b8ec8a947b6e364ffdce4314f674303,7.04000000000087
21,11,1,4b8ec8a947b6e364ffdce4314f674303,8.08999999999651
23,13,1,4b8ec8a947b6e364ffdce4314f674303,10.1199999999953
20,11,1,4b8ec8a947b6e364ffdce4314f674303,11.0899999999965
23,11,1,4b8ec8a947b6e364ffdce4314f674303,12.0099999999948
19,13,1,4b8ec8a947b6e364ffdce4314f674303,9.18999999999505
19,19,1,4b8ec8a947b6e364ffdce4314f674303,0.989999999997963
20,14,1,4b8ec8a947b6e364ffdce4314f674303,2.00999999999476
20,11,1,4b8ec8a947b6e364ffdce4314f674303,3.00999999999476
20,19,1,4b8ec8a947b6e364ffdce4314f674303,0
19,13,1,4b8ec8a947b6e364ffdce4314f674303,5.02999999999884
20,12,1,4b8ec8a947b6e364ffdce4314f674303,5.98999999999796
18,11,1,4b8ec8a947b6e364ffdce4314f674303,13.1100000000006
18,12,1,4b8ec8a947b6e364ffdce4314f674303,4
22,10,1,267c7d12b7f8724cf9a661828ec409fc,7.02999999999884
22,10,1,267c7d12b7f8724cf9a661828ec409fc,8.01000000000204
25,10,1,267c7d12b7f8724cf9a661828ec409fc,13.5400000000009
25,10,1,267c7d12b7f8724cf9a661828ec409fc,13.5400000000009
25,10,1,267c7d12b7f8724cf9a661828ec409fc,10.1100000000006
25,10,2,267c7d12b7f8724cf9a661828ec409fc,11.0699999999997
28,11,1,267c7d12b7f8724cf9a661828ec409fc,1.01000000000204
28,10,1,267c7d12b7f8724cf9a661828ec409fc,2.16000000000349
29,10,1,267c7d12b7f8724cf9a661828ec409fc,3.05999999999767
19,13,2,267c7d12b7f8724cf9a661828ec409fc,0
22,11,2,267c7d12b7f8724cf9a661828ec409fc,6.65000000000146
30,11,1,267c7d12b7f8724cf9a661828ec409fc,4.13999999999942
14,21,1,9cf8db05ed5e2b895a4cbbb616c237b6,6.82999999999447
15,26,1,9cf8db05ed5e2b895a4cbbb616c237b6,7.86999999999534
15,30,1,9cf8db05ed5e2b895a4cbbb616c237b6,8.80999999999767
9,31,1,9cf8db05ed5e2b895a4cbbb616c237b6,13.0099999999948
15,30,1,9cf8db05ed5e2b895a4cbbb616c237b6,1.98999999999796
15,24,1,9cf8db05ed5e2b895a4cbbb616c237b6,3
10,38,5,9cf8db05ed5e2b895a4cbbb616c237b6,11.9399999999951
15,39,5,9cf8db05ed5e2b895a4cbbb616c237b6,0.970000000001164
15,34,1,9cf8db05ed5e2b895a4cbbb616c237b6,5.83999999999651
15,33,6,9cf8db05ed5e2b895a4cbbb616c237b6,0
12,43,12,9cf8db05ed5e2b895a4cbbb616c237b6,4.86000000000058
13,19,1,9cf8db05ed5e2b895a4cbbb616c237b6,4.00999999999476
20,34,4,d84f5fbe6b081af758b0a345dfcaf92f,0.850000000005821
22,20,1,d84f5fbe6b081af758b0a345dfcaf92f,0
13,24,1,d84f5fbe6b081af758b0a345dfcaf92f,10.9000000000015
17,21,1,d84f5fbe6b081af758b0a345dfcaf92f,12.8300000000017
30,30,1,d84f5fbe6b081af758b0a345dfcaf92f,2.81000000000495
23,35,1,d84f5fbe6b081af758b0a345dfcaf92f,3.87000000000262
19,33,1,d84f5fbe6b081af758b0a345dfcaf92f,5.80000000000291
22,33,1,d84f5fbe6b081af758b0a345dfcaf92f,1.99000000000524
18,32,1,d84f5fbe6b081af758b0a345dfcaf92f,8.85000000000582
12,25,1,d84f5fbe6b081af758b0a345dfcaf92f,9.88999999999942
16,37,1,d84f5fbe6b081af758b0a345dfcaf92f,7.91000000000349
16,25,3,e711133bd9fb199a178dbbf828181786,2.95000000000437
19,24,2,e711133bd9fb199a178dbbf828181786,0
20,20,3,e711133bd9fb199a178dbbf828181786,1.09000000000378
18,10,1,e711133bd9fb199a178dbbf828181786,10.9100000000035
18,12,1,e711133bd9fb199a178dbbf828181786,11.9200000000055
17,10,1,e711133bd9fb199a178dbbf828181786,12.9800000000032
18,13,1,e711133bd9fb199a178dbbf828181786,1.95000000000437
18,10,1,e711133bd9fb199a178dbbf828181786,5.97000000000116
19,14,1,e711133bd9fb199a178dbbf828181786,7.55000000000291
18,16,1,e711133bd9fb199a178dbbf828181786,3.91000000000349
18,10,1,e711133bd9fb199a178dbbf828181786,4.95000000000437
19,10,1,e711133bd9fb199a178dbbf828181786,9.94000000000233
17,14,1,e711133bd9fb199a178dbbf828181786,7.92000000000553
11,13,1,e711133bd9fb199a178dbbf828181786,9.06000000000495
22,20,1,56486f6346bdd660fd6a480f47985676,1.88999999999942
21,28,7,56486f6346bdd660fd6a480f47985676,0
20,40,1,56486f6346bdd660fd6a480f47985676,12.010000000002
30,22,1,56486f6346bdd660fd6a480f47985676,12.8799999999974
30,18,1,56486f6346bdd660fd6a480f47985676,7.87000000000262
25,32,2,56486f6346bdd660fd6a480f47985676,0.870000000002619
26,15,1,56486f6346bdd660fd6a480f47985676,3.87000000000262
30,28,1,56486f6346bdd660fd6a480f47985676,5.87999999999738
25,23,1,56486f6346bdd660fd6a480f47985676,2.86000000000058
25,23,1,56486f6346bdd660fd6a480f47985676,10.3700000000026
28,21,1,56486f6346bdd660fd6a480f47985676,10.9199999999983
27,21,1,56486f6346bdd660fd6a480f47985676,8.86000000000058
17,11,1,7c824bae9483c394aa76fbfd74011cd9,0
13,14,1,7c824bae9483c394aa76fbfd74011cd9,5.04999999999563
20,10,1,7c824bae9483c394aa76fbfd74011cd9,1.11000000000058
13,10,1,7c824bae9483c394aa76fbfd74011cd9,3.13999999999942
24,10,1,7c824bae9483c394aa76fbfd74011cd9,7.98999999999796
20,10,1,7c824bae9483c394aa76fbfd74011cd9,9
19,11,1,7c824bae9483c394aa76fbfd74011cd9,2.04000000000087
11,10,1,7c824bae9483c394aa76fbfd74011cd9,7.00999999999476
13,13,1,7c824bae9483c394aa76fbfd74011cd9,6
13,10,1,7c824bae9483c394aa76fbfd74011cd9,13.0599999999977
15,21,2,a4feabc9f8a01116aeaef40e4d6311a9,0
9,15,2,05ebfa44f0836b1e040613f1580923c2,1.80000000000291
15,14,2,05ebfa44f0836b1e040613f1580923c2,0.930000000000291
,,0,05ebfa44f0836b1e040613f1580923c2,3.31999999999971
15,15,5,05ebfa44f0836b1e040613f1580923c2,0
18,17,5,9bfd31b948fb1195c8523d34ca474224,0
18,19,1,9bfd31b948fb1195c8523d34ca474224,1
19,16,1,9bfd31b948fb1195c8523d34ca474224,2
17,16,1,9bfd31b948fb1195c8523d34ca474224,8
18,17,2,9bfd31b948fb1195c8523d34ca474224,5.06999999999971
19,17,2,9bfd31b948fb1195c8523d34ca474224,6
18,17,1,9bfd31b948fb1195c8523d34ca474224,4
17,19,1,9bfd31b948fb1195c8523d34ca474224,13.0999999999985
18,18,2,9bfd31b948fb1195c8523d34ca474224,9.09999999999854
17,17,2,9bfd31b948fb1195c8523d34ca474224,10
18,17,1,9bfd31b948fb1195c8523d34ca474224,7.02999999999884
17,21,1,9bfd31b948fb1195c8523d34ca474224,11
18,13,1,8339d143dcc8bd282917ab49dc70d911,1.05999999999767
19,10,1,8339d143dcc8bd282917ab49dc70d911,2
18,16,1,8339d143dcc8bd282917ab49dc70d911,3
22,19,1,8339d143dcc8bd282917ab49dc70d911,0
18,10,1,8339d143dcc8bd282917ab49dc70d911,13
18,10,1,8339d143dcc8bd282917ab49dc70d911,11.989999999998
18,11,1,8339d143dcc8bd282917ab49dc70d911,8.00999999999476
20,10,1,8339d143dcc8bd282917ab49dc70d911,4.04999999999563
17,10,1,8339d143dcc8bd282917ab49dc70d911,6.05999999999767
17,10,1,8339d143dcc8bd282917ab49dc70d911,7.11000000000058
16,10,1,8339d143dcc8bd282917ab49dc70d911,4.98999999999796
18,10,1,8339d143dcc8bd282917ab49dc70d911,10
18,10,1,8339d143dcc8bd282917ab49dc70d911,10.989999999998
18,10,1,8339d143dcc8bd282917ab49dc70d911,9.04999999999563
17,11,2,3c3c611f8dc0f0b5dd0a998ff47ea632,0.870000000002619
19,12,1,3c3c611f8dc0f0b5dd0a998ff47ea632,5.05999999999767
20,13,1,3c3c611f8dc0f0b5dd0a998ff47ea632,1.97999999999593
17,10,1,3c3c611f8dc0f0b5dd0a998ff47ea632,4
14,16,11,3c3c611f8dc0f0b5dd0a998ff47ea632,0
17,13,1,3c3c611f8dc0f0b5dd0a998ff47ea632,8.97000000000116
18,13,2,3c3c611f8dc0f0b5dd0a998ff47ea632,2.97000000000116
15,21,4,3c3c611f8dc0f0b5dd0a998ff47ea632,7.08999999999651
15,19,2,3c3c611f8dc0f0b5dd0a998ff47ea632,8.11000000000058
17,14,1,3c3c611f8dc0f0b5dd0a998ff47ea632,12.9700000000012
24,11,1,3c3c611f8dc0f0b5dd0a998ff47ea632,7.08000000000175
13,15,1,3c3c611f8dc0f0b5dd0a998ff47ea632,11.0699999999997
16,10,1,3c3c611f8dc0f0b5dd0a998ff47ea632,11.9799999999959
12,25,4,3c3c611f8dc0f0b5dd0a998ff47ea632,10.0499999999956
29,18,1,26d1024e884c060698041d68ee9086af,1.01000000000204
24,26,1,26d1024e884c060698041d68ee9086af,2.0199999999968
22,27,1,26d1024e884c060698041d68ee9086af,3.0199999999968
17,26,1,26d1024e884c060698041d68ee9086af,5.0199999999968
22,17,2,26d1024e884c060698041d68ee9086af,0
30,11,1,26d1024e884c060698041d68ee9086af,6.01000000000204
19,15,1,26d1024e884c060698041d68ee9086af,4.0199999999968
26,17,1,26d1024e884c060698041d68ee9086af,8.05000000000291
19,23,1,26d1024e884c060698041d68ee9086af,9.02999999999884
21,17,1,26d1024e884c060698041d68ee9086af,10.0199999999968
26,12,1,26d1024e884c060698041d68ee9086af,7.02999999999884
27,22,1,26d1024e884c060698041d68ee9086af,12
24,18,1,26d1024e884c060698041d68ee9086af,13.010000000002
30,30,1,26d1024e884c060698041d68ee9086af,11.010000000002
21,15,1,0f2892ab0d084267bfa105daa46dd7a9,0
21,24,2,0f2892ab0d084267bfa105daa46dd7a9,1.98999999999796
24,23,1,0f2892ab0d084267bfa105daa46dd7a9,3.98999999999796
25,24,1,0f2892ab0d084267bfa105daa46dd7a9,13
,,0,0f2892ab0d084267bfa105daa46dd7a9,1.31999999999971
21,29,2,0f2892ab0d084267bfa105daa46dd7a9,3.09999999999855
23,18,2,0f2892ab0d084267bfa105daa46dd7a9,6
22,21,1,0f2892ab0d084267bfa105daa46dd7a9,7
25,16,1,0f2892ab0d084267bfa105daa46dd7a9,8
23,18,1,0f2892ab0d084267bfa105daa46dd7a9,5
23,17,1,0f2892ab0d084267bfa105daa46dd7a9,10.0699999999997
20,36,5,0f2892ab0d084267bfa105daa46dd7a9,11.0400000000009
23,25,1,0f2892ab0d084267bfa105daa46dd7a9,12.0299999999988
22,20,1,0f2892ab0d084267bfa105daa46dd7a9,9
20,13,1,cf66bffe6bee1c07f6315929302a2c0d,0
22,11,1,cf66bffe6bee1c07f6315929302a2c0d,1.84000000000378
21,12,1,cf66bffe6bee1c07f6315929302a2c0d,2.84000000000378
22,12,1,cf66bffe6bee1c07f6315929302a2c0d,10.9199999999983
30,11,1,cf66bffe6bee1c07f6315929302a2c0d,0.860000000000582
25,14,1,cf66bffe6bee1c07f6315929302a2c0d,4.91000000000349
22,14,1,cf66bffe6bee1c07f6315929302a2c0d,5.84000000000378
23,11,1,cf66bffe6bee1c07f6315929302a2c0d,6.87000000000262
22,15,1,cf66bffe6bee1c07f6315929302a2c0d,3.84999999999855
21,13,1,cf66bffe6bee1c07f6315929302a2c0d,9.83000000000175
22,11,1,cf66bffe6bee1c07f6315929302a2c0d,10.9800000000032
23,12,1,cf66bffe6bee1c07f6315929302a2c0d,11.8899999999994
21,14,2,cf66bffe6bee1c07f6315929302a2c0d,12.9599999999991
23,13,1,cf66bffe6bee1c07f6315929302a2c0d,7.83000000000175
21,12,1,80a61e8014e1c4d2da0071adb724315d,0.950000000004366
16,10,1,80a61e8014e1c4d2da0071adb724315d,2.90000000000146
18,19,5,80a61e8014e1c4d2da0071adb724315d,0
14,10,1,80a61e8014e1c4d2da0071adb724315d,12.989999999998
21,11,1,80a61e8014e1c4d2da0071adb724315d,2.09000000000378
17,18,1,80a61e8014e1c4d2da0071adb724315d,5.90000000000146
14,13,1,80a61e8014e1c4d2da0071adb724315d,6.90000000000146
19,11,1,80a61e8014e1c4d2da0071adb724315d,3.90000000000146
17,14,1,80a61e8014e1c4d2da0071adb724315d,4.91000000000349
15,12,1,80a61e8014e1c4d2da0071adb724315d,9.93000000000029
15,14,1,80a61e8014e1c4d2da0071adb724315d,10.9000000000015
17,10,1,80a61e8014e1c4d2da0071adb724315d,7.90000000000146
,,0,80a61e8014e1c4d2da0071adb724315d,8.90000000000146
14,12,1,80a61e8014e1c4d2da0071adb724315d,8.90000000000146
13,15,1,80a61e8014e1c4d2da0071adb724315d,11.9599999999991
17,24,1,dff990ba7bc2a9deaabfcceaf4420eb0,2.0199999999968
16,28,2,dff990ba7bc2a9deaabfcceaf4420eb0,0
9,39,2,dff990ba7bc2a9deaabfcceaf4420eb0,1.06999999999971
19,32,1,dff990ba7bc2a9deaabfcceaf4420eb0,4.98999999999796
22,28,1,dff990ba7bc2a9deaabfcceaf4420eb0,6.02999999999884
19,28,1,dff990ba7bc2a9deaabfcceaf4420eb0,7.02999999999884
13,22,1,dff990ba7bc2a9deaabfcceaf4420eb0,13.0999999999985
15,22,1,dff990ba7bc2a9deaabfcceaf4420eb0,9.06999999999971
17,27,1,dff990ba7bc2a9deaabfcceaf4420eb0,10.0199999999968
15,22,1,dff990ba7bc2a9deaabfcceaf4420eb0,11.0699999999997
17,24,1,dff990ba7bc2a9deaabfcceaf4420eb0,2.98999999999796
16,27,1,dff990ba7bc2a9deaabfcceaf4420eb0,8.04000000000087
13,25,1,dff990ba7bc2a9deaabfcceaf4420eb0,12.0199999999968
20,19,4,85ab2ddb8577878d48a6c5147a2a7b72,0.989999999997963
20,12,2,85ab2ddb8577878d48a6c5147a2a7b72,2
17,13,3,85ab2ddb8577878d48a6c5147a2a7b72,0
22,16,4,85ab2ddb8577878d48a6c5147a2a7b72,5
22,17,3,85ab2ddb8577878d48a6c5147a2a7b72,6.09999999999855
21,14,2,85ab2ddb8577878d48a6c5147a2a7b72,6.98999999999796
16,15,1,85ab2ddb8577878d48a6c5147a2a7b72,4
19,15,2,85ab2ddb8577878d48a6c5147a2a7b72,9.06999999999971
20,10,1,85ab2ddb8577878d48a6c5147a2a7b72,10.0499999999956
20,13,2,85ab2ddb8577878d48a6c5147a2a7b72,11.0699999999997
19,18,4,85ab2ddb8577878d48a6c5147a2a7b72,3
21,10,2,85ab2ddb8577878d48a6c5147a2a7b72,13.0099999999948
19,15,2,85ab2ddb8577878d48a6c5147a2a7b72,12.0199999999968
21,12,4,85ab2ddb8577878d48a6c5147a2a7b72,8.15000000000146
20,24,3,c45d6c72bce2ff51c7169e467288dc0d,1.07999999999447
20,23,5,c45d6c72bce2ff51c7169e467288dc0d,2
19,24,2,c45d6c72bce2ff51c7169e467288dc0d,0
17,17,5,c45d6c72bce2ff51c7169e467288dc0d,12.989999999998
18,28,5,c45d6c72bce2ff51c7169e467288dc0d,5.0199999999968
20,26,4,c45d6c72bce2ff51c7169e467288dc0d,3.0199999999968
19,27,8,c45d6c72bce2ff51c7169e467288dc0d,4.00999999999476
19,18,7,c45d6c72bce2ff51c7169e467288dc0d,9.02999999999884
20,14,5,c45d6c72bce2ff51c7169e467288dc0d,6.07999999999447
21,18,7,c45d6c72bce2ff51c7169e467288dc0d,7.04000000000087
21,16,6,c45d6c72bce2ff51c7169e467288dc0d,8.04000000000087
18,13,2,c45d6c72bce2ff51c7169e467288dc0d,11.1399999999994
13,26,7,c45d6c72bce2ff51c7169e467288dc0d,12.0999999999985
20,24,8,c45d6c72bce2ff51c7169e467288dc0d,10.0400000000009
19,20,2,41f7ea2dacac1a0a02500d92de0c8881,0
18,18,1,41f7ea2dacac1a0a02500d92de0c8881,1.0399999999936
19,19,2,41f7ea2dacac1a0a02500d92de0c8881,12.9599999999991
15,24,2,41f7ea2dacac1a0a02500d92de0c8881,6.09999999999855
19,25,1,41f7ea2dacac1a0a02500d92de0c8881,2.96999999999389
16,26,3,41f7ea2dacac1a0a02500d92de0c8881,3.98999999999796
19,22,1,41f7ea2dacac1a0a02500d92de0c8881,5.0199999999968
21,25,1,41f7ea2dacac1a0a02500d92de0c8881,12.0599999999977
18,26,2,41f7ea2dacac1a0a02500d92de0c8881,7.97999999999593
17,33,3,41f7ea2dacac1a0a02500d92de0c8881,9.12999999999738
17,34,3,41f7ea2dacac1a0a02500d92de0c8881,9.97999999999593
22,25,2,41f7ea2dacac1a0a02500d92de0c8881,2.02999999999884
19,23,3,41f7ea2dacac1a0a02500d92de0c8881,7
21,26,4,41f7ea2dacac1a0a02500d92de0c8881,11.1800000000003
17,12,1,cd953cdb769cd32faaa8edf146fc0e4c,1.92000000000553
16,18,1,cd953cdb769cd32faaa8edf146fc0e4c,3.11000000000058
19,12,2,cd953cdb769cd32faaa8edf146fc0e4c,1.61000000000058
,,1,cd953cdb769cd32faaa8edf146fc0e4c,12.1500000000015
13,14,1,cd953cdb769cd32faaa8edf146fc0e4c,5.97000000000116
16,13,1,cd953cdb769cd32faaa8edf146fc0e4c,6.95000000000437
17,16,1,cd953cdb769cd32faaa8edf146fc0e4c,0
15,19,1,cd953cdb769cd32faaa8edf146fc0e4c,4.99000000000524
11,10,1,cd953cdb769cd32faaa8edf146fc0e4c,9.92000000000553
12,13,1,cd953cdb769cd32faaa8edf146fc0e4c,10.9500000000044
15,12,1,cd953cdb769cd32faaa8edf146fc0e4c,3.91000000000349
15,17,2,cd953cdb769cd32faaa8edf146fc0e4c,8.93000000000029
15,10,1,cd953cdb769cd32faaa8edf146fc0e4c,7.92000000000553
16,14,1,cd953cdb769cd32faaa8edf146fc0e4c,12.1500000000015
16,11,1,cd953cdb769cd32faaa8edf146fc0e4c,12.9200000000055
16,30,3,f119e530438f829407004db6de99db8f,2.0199999999968
25,16,1,f119e530438f829407004db6de99db8f,1
,,1,f119e530438f829407004db6de99db8f,9.04000000000087
25,17,1,f119e530438f829407004db6de99db8f,6.12000000000262
18,22,3,f119e530438f829407004db6de99db8f,3
16,27,3,f119e530438f829407004db6de99db8f,0
19,16,1,f119e530438f829407004db6de99db8f,5
24,12,1,f119e530438f829407004db6de99db8f,13
24,15,1,f119e530438f829407004db6de99db8f,8.05999999999767
14,20,1,f119e530438f829407004db6de99db8f,4.05000000000291
19,15,1,f119e530438f829407004db6de99db8f,12
21,10,1,f119e530438f829407004db6de99db8f,10.0699999999997
19,13,1,82e9ea2be7bb07aa44ad21c710be3f89,7.62999999999738
21,25,2,82e9ea2be7bb07aa44ad21c710be3f89,0
19,34,2,82e9ea2be7bb07aa44ad21c710be3f89,2.98999999999796
16,18,1,82e9ea2be7bb07aa44ad21c710be3f89,5.02999999999884
16,22,1,82e9ea2be7bb07aa44ad21c710be3f89,11.0799999999945
14,16,1,82e9ea2be7bb07aa44ad21c710be3f89,13.0199999999968
11,30,1,82e9ea2be7bb07aa44ad21c710be3f89,3.98999999999796
15,35,2,82e9ea2be7bb07aa44ad21c710be3f89,8.98999999999796
16,21,1,82e9ea2be7bb07aa44ad21c710be3f89,8
22,12,1,89822e0e37f4fd46f09fce8c50099e67,8.11000000000058
23,11,1,89822e0e37f4fd46f09fce8c50099e67,9.0199999999968
20,12,1,89822e0e37f4fd46f09fce8c50099e67,1
22,11,1,89822e0e37f4fd46f09fce8c50099e67,2
22,23,1,89822e0e37f4fd46f09fce8c50099e67,3.01000000000204
23,16,1,89822e0e37f4fd46f09fce8c50099e67,4.02999999999884
23,11,1,89822e0e37f4fd46f09fce8c50099e67,5
22,18,1,89822e0e37f4fd46f09fce8c50099e67,6.12999999999738
22,11,1,89822e0e37f4fd46f09fce8c50099e67,7
25,20,1,89822e0e37f4fd46f09fce8c50099e67,13
23,20,1,89822e0e37f4fd46f09fce8c50099e67,10.0800000000017
24,22,1,89822e0e37f4fd46f09fce8c50099e67,11.0800000000017
24,27,1,89822e0e37f4fd46f09fce8c50099e67,12.0599999999977
21,15,1,89822e0e37f4fd46f09fce8c50099e67,0
13,10,1,4b0e95f2fc6e75691b61a3e0780263f2,8.04000000000087
15,18,1,4b0e95f2fc6e75691b61a3e0780263f2,0.900000000001455
15,16,1,4b0e95f2fc6e75691b61a3e0780263f2,1.94000000000233
13,10,1,4b0e95f2fc6e75691b61a3e0780263f2,3
14,11,1,4b0e95f2fc6e75691b61a3e0780263f2,3.90999999999622
15,10,1,4b0e95f2fc6e75691b61a3e0780263f2,5
15,10,1,4b0e95f2fc6e75691b61a3e0780263f2,5.90999999999622
15,10,1,4b0e95f2fc6e75691b61a3e0780263f2,6.94000000000233
11,10,1,4b0e95f2fc6e75691b61a3e0780263f2,11.9300000000003
13,10,1,4b0e95f2fc6e75691b61a3e0780263f2,8.90000000000146
13,11,1,4b0e95f2fc6e75691b61a3e0780263f2,9.95999999999913
14,10,1,4b0e95f2fc6e75691b61a3e0780263f2,10.9000000000015
10,14,1,4b0e95f2fc6e75691b61a3e0780263f2,12.8899999999994
15,21,2,4b0e95f2fc6e75691b61a3e0780263f2,0
17,34,1,86333692f20c2f68afb52a496ae0c6db,6.02999999999884
19,22,2,86333692f20c2f68afb52a496ae0c6db,0
17,30,1,86333692f20c2f68afb52a496ae0c6db,1.0199999999968
19,26,1,86333692f20c2f68afb52a496ae0c6db,3
18,24,1,86333692f20c2f68afb52a496ae0c6db,3
15,35,5,86333692f20c2f68afb52a496ae0c6db,4
16,31,3,86333692f20c2f68afb52a496ae0c6db,5
17,26,1,86333692f20c2f68afb52a496ae0c6db,9.16999999999825
26,30,1,86333692f20c2f68afb52a496ae0c6db,11.0400000000009
16,29,1,86333692f20c2f68afb52a496ae0c6db,7.02999999999884
17,29,1,86333692f20c2f68afb52a496ae0c6db,8.01000000000204
25,11,1,86333692f20c2f68afb52a496ae0c6db,10
17,18,1,86333692f20c2f68afb52a496ae0c6db,13.010000000002
17,17,2,86333692f20c2f68afb52a496ae0c6db,12.0500000000029
7,18,1,891a58cd2204aa7ba82f7a8a97737331,6.86000000000058
4,15,1,891a58cd2204aa7ba82f7a8a97737331,7.86000000000058
14,14,2,891a58cd2204aa7ba82f7a8a97737331,0
21,13,1,891a58cd2204aa7ba82f7a8a97737331,1.91000000000349
18,13,1,891a58cd2204aa7ba82f7a8a97737331,3.09000000000378
8,13,1,891a58cd2204aa7ba82f7a8a97737331,4.91000000000349
0,23,1,891a58cd2204aa7ba82f7a8a97737331,5.98999999999796
7,12,1,891a58cd2204aa7ba82f7a8a97737331,11.8700000000026
14,19,1,891a58cd2204aa7ba82f7a8a97737331,3.86000000000058
10,23,1,891a58cd2204aa7ba82f7a8a97737331,9.91000000000349
4,16,1,891a58cd2204aa7ba82f7a8a97737331,10.8600000000006
15,31,1,891a58cd2204aa7ba82f7a8a97737331,8.87000000000262
9,19,1,891a58cd2204aa7ba82f7a8a97737331,12.9000000000015
19,12,1,f219eb15f7c9b41373a8cb30e270bb13,7.00999999999476
24,15,1,f219eb15f7c9b41373a8cb30e270bb13,0
16,13,1,f219eb15f7c9b41373a8cb30e270bb13,0.989999999997963
24,12,1,f219eb15f7c9b41373a8cb30e270bb13,1.98999999999796
16,12,1,f219eb15f7c9b41373a8cb30e270bb13,2.98999999999796
17,12,1,f219eb15f7c9b41373a8cb30e270bb13,4.00999999999476
17,11,1,f219eb15f7c9b41373a8cb30e270bb13,5.98999999999796
,,0,f219eb15f7c9b41373a8cb30e270bb13,12.0799999999945
17,11,1,f219eb15f7c9b41373a8cb30e270bb13,7.98999999999796
17,12,1,f219eb15f7c9b41373a8cb30e270bb13,9
24,12,1,f219eb15f7c9b41373a8cb30e270bb13,10.1199999999953
18,12,1,f219eb15f7c9b41373a8cb30e270bb13,11
16,23,1,f219eb15f7c9b41373a8cb30e270bb13,5.02999999999884
20,13,4,0cb0fc586a8c2e82145e2fb7bce1b467,0
19,19,1,0cb0fc586a8c2e82145e2fb7bce1b467,1
20,13,1,0cb0fc586a8c2e82145e2fb7bce1b467,3.12999999999738
22,10,1,0cb0fc586a8c2e82145e2fb7bce1b467,4.13999999999942
22,11,1,0cb0fc586a8c2e82145e2fb7bce1b467,5.08000000000175
21,15,1,0cb0fc586a8c2e82145e2fb7bce1b467,6.04000000000087
18,12,1,0cb0fc586a8c2e82145e2fb7bce1b467,7.01000000000204
20,11,1,0cb0fc586a8c2e82145e2fb7bce1b467,8.05000000000291
19,12,1,0cb0fc586a8c2e82145e2fb7bce1b467,11.0199999999968
21,10,1,0cb0fc586a8c2e82145e2fb7bce1b467,12.010000000002
21,12,1,0cb0fc586a8c2e82145e2fb7bce1b467,9.01000000000204
20,10,1,0cb0fc586a8c2e82145e2fb7bce1b467,10.0199999999968
20,14,1,0cb0fc586a8c2e82145e2fb7bce1b467,2.04000000000087
19,13,1,0cb0fc586a8c2e82145e2fb7bce1b467,13.0199999999968
15,10,1,2214161922cb9ba82149ce786914cda9,9.08999999999651
16,11,1,2214161922cb9ba82149ce786914cda9,9.94999999999709
19,14,1,2214161922cb9ba82149ce786914cda9,1.0199999999968
15,13,1,2214161922cb9ba82149ce786914cda9,1.98999999999796
13,12,1,2214161922cb9ba82149ce786914cda9,1.98999999999796
17,10,1,2214161922cb9ba82149ce786914cda9,0
14,11,1,2214161922cb9ba82149ce786914cda9,5.11999999999534
15,12,1,2214161922cb9ba82149ce786914cda9,5.94999999999709
15,11,1,2214161922cb9ba82149ce786914cda9,6.95999999999913
15,12,1,2214161922cb9ba82149ce786914cda9,3.0399999999936
15,13,1,2214161922cb9ba82149ce786914cda9,11.9799999999959
15,11,1,2214161922cb9ba82149ce786914cda9,13.0999999999985
15,10,1,2214161922cb9ba82149ce786914cda9,10.9699999999939
21,21,1,abe5dba81935d2b3e6d28e0c32848e49,0
22,13,1,abe5dba81935d2b3e6d28e0c32848e49,2.01000000000204
22,17,1,abe5dba81935d2b3e6d28e0c32848e49,3
23,25,1,abe5dba81935d2b3e6d28e0c32848e49,4.05000000000291
22,13,1,abe5dba81935d2b3e6d28e0c32848e49,5.04000000000087
20,18,1,abe5dba81935d2b3e6d28e0c32848e49,6
22,15,1,abe5dba81935d2b3e6d28e0c32848e49,7
20,26,1,abe5dba81935d2b3e6d28e0c32848e49,8.12000000000262
20,18,1,abe5dba81935d2b3e6d28e0c32848e49,9.01000000000204
18,20,2,abe5dba81935d2b3e6d28e0c32848e49,10
21,27,1,abe5dba81935d2b3e6d28e0c32848e49,11.010000000002
20,11,1,abe5dba81935d2b3e6d28e0c32848e49,12.0400000000009
19,10,1,abe5dba81935d2b3e6d28e0c32848e49,13.010000000002
23,22,1,abe5dba81935d2b3e6d28e0c32848e49,1.01000000000204
,,0,abe5dba81935d2b3e6d28e0c32848e49,2.01000000000204
18,12,1,807c2e90de587716fdf0e4423b432123,0
24,30,2,807c2e90de587716fdf0e4423b432123,2.08999999999651
24,21,5,807c2e90de587716fdf0e4423b432123,3.01000000000204
24,20,5,807c2e90de587716fdf0e4423b432123,4.08999999999651
22,10,1,807c2e90de587716fdf0e4423b432123,6
23,13,1,807c2e90de587716fdf0e4423b432123,7
22,10,1,807c2e90de587716fdf0e4423b432123,8
27,10,0,807c2e90de587716fdf0e4423b432123,5.0199999999968
22,10,1,807c2e90de587716fdf0e4423b432123,9.19999999999709
18,10,1,807c2e90de587716fdf0e4423b432123,10.0699999999997
23,10,1,807c2e90de587716fdf0e4423b432123,11
22,10,1,807c2e90de587716fdf0e4423b432123,13
19,16,1,807c2e90de587716fdf0e4423b432123,2.08000000000175
19,15,3,4aa7be120ac239e1399a5eb286b8d8ba,1.12000000000262
18,15,4,4aa7be120ac239e1399a5eb286b8d8ba,2.01000000000204
18,16,3,4aa7be120ac239e1399a5eb286b8d8ba,3.02999999999884
17,22,2,4aa7be120ac239e1399a5eb286b8d8ba,4.01000000000204
17,17,3,4aa7be120ac239e1399a5eb286b8d8ba,5.08000000000175
18,29,2,4aa7be120ac239e1399a5eb286b8d8ba,6.05999999999767
17,20,3,4aa7be120ac239e1399a5eb286b8d8ba,7
17,22,2,4aa7be120ac239e1399a5eb286b8d8ba,8.12000000000262
17,17,1,4aa7be120ac239e1399a5eb286b8d8ba,10.0800000000017
17,24,1,4aa7be120ac239e1399a5eb286b8d8ba,12.0500000000029
18,24,1,4aa7be120ac239e1399a5eb286b8d8ba,13.1900000000023
19,17,3,4aa7be120ac239e1399a5eb286b8d8ba,0
18,23,3,4aa7be120ac239e1399a5eb286b8d8ba,9.05999999999767
,,0,4aa7be120ac239e1399a5eb286b8d8ba,11.0400000000009
24,22,4,3c12aef3d81e32161c00aecc2d94164d,0
27,18,1,3c12aef3d81e32161c00aecc2d94164d,3.98999999999796
26,17,1,3c12aef3d81e32161c00aecc2d94164d,5
27,17,1,3c12aef3d81e32161c00aecc2d94164d,1.98999999999796
27,17,1,3c12aef3d81e32161c00aecc2d94164d,3
28,22,1,3c12aef3d81e32161c00aecc2d94164d,7.98999999999796
26,15,1,3c12aef3d81e32161c00aecc2d94164d,9
27,15,2,3c12aef3d81e32161c00aecc2d94164d,5.98999999999796
27,16,1,3c12aef3d81e32161c00aecc2d94164d,6.98999999999796
28,18,1,3c12aef3d81e32161c00aecc2d94164d,12.0199999999968
28,15,1,3c12aef3d81e32161c00aecc2d94164d,12.989999999998
26,18,1,3c12aef3d81e32161c00aecc2d94164d,0.989999999997963
27,17,1,3c12aef3d81e32161c00aecc2d94164d,10.989999999998
28,16,1,3c12aef3d81e32161c00aecc2d94164d,9.98999999999796
17,16,2,3c9744d7ec218de09f7bbae5e973f753,0
17,10,1,3c9744d7ec218de09f7bbae5e973f753,3.91999999999825
17,11,1,3c9744d7ec218de09f7bbae5e973f753,4.90000000000146
16,11,1,3c9744d7ec218de09f7bbae5e973f753,2.93000000000029
15,14,1,3c9744d7ec218de09f7bbae5e973f753,8.20999999999913
19,14,3,3c9744d7ec218de09f7bbae5e973f753,8.90000000000146
16,10,1,3c9744d7ec218de09f7bbae5e973f753,5.90000000000146
15,12,1,3c9744d7ec218de09f7bbae5e973f753,6.90000000000146
18,12,1,3c9744d7ec218de09f7bbae5e973f753,10.9700000000012
20,12,1,3c9744d7ec218de09f7bbae5e973f753,11.9000000000015
17,14,1,3c9744d7ec218de09f7bbae5e973f753,13.010000000002
18,10,1,3c9744d7ec218de09f7bbae5e973f753,1.91000000000349
21,14,1,3c9744d7ec218de09f7bbae5e973f753,9.91000000000349
14,18,1,91eb22afbe02f53907cebc40ce59ad3c,2
15,22,1,91eb22afbe02f53907cebc40ce59ad3c,3.00999999999476
18,14,1,91eb22afbe02f53907cebc40ce59ad3c,4
15,13,1,91eb22afbe02f53907cebc40ce59ad3c,1.0199999999968
18,14,1,91eb22afbe02f53907cebc40ce59ad3c,6.02999999999884
14,25,1,91eb22afbe02f53907cebc40ce59ad3c,6.98999999999796
12,29,1,91eb22afbe02f53907cebc40ce59ad3c,8.36999999999534
15,19,1,91eb22afbe02f53907cebc40ce59ad3c,5.13999999999942
13,32,1,91eb22afbe02f53907cebc40ce59ad3c,11
13,28,1,91eb22afbe02f53907cebc40ce59ad3c,12.0099999999948
12,29,1,91eb22afbe02f53907cebc40ce59ad3c,12.989999999998
16,15,5,91eb22afbe02f53907cebc40ce59ad3c,0
12,27,1,91eb22afbe02f53907cebc40ce59ad3c,9
14,26,1,91eb22afbe02f53907cebc40ce59ad3c,10
12,28,1,91eb22afbe02f53907cebc40ce59ad3c,8
16,17,1,cf12f3bef7c650bc2d270af994bb376a,4.09000000000378
24,11,1,cf12f3bef7c650bc2d270af994bb376a,0.92000000000553
21,10,1,cf12f3bef7c650bc2d270af994bb376a,2.01000000000204
19,17,1,cf12f3bef7c650bc2d270af994bb376a,3.01000000000204
25,16,1,cf12f3bef7c650bc2d270af994bb376a,8.95000000000437
18,10,1,cf12f3bef7c650bc2d270af994bb376a,5.05000000000291
15,13,1,cf12f3bef7c650bc2d270af994bb376a,5.9600000000064
18,14,1,cf12f3bef7c650bc2d270af994bb376a,7.91000000000349
20,13,1,cf12f3bef7c650bc2d270af994bb376a,13
22,15,1,cf12f3bef7c650bc2d270af994bb376a,10.1100000000006
17,15,4,cf12f3bef7c650bc2d270af994bb376a,0
21,16,1,cf12f3bef7c650bc2d270af994bb376a,12.010000000002
23,16,1,cf12f3bef7c650bc2d270af994bb376a,11.4900000000052
15,13,1,3f298d687566438336877438eacb9cdf,4.95999999999913
16,16,1,3f298d687566438336877438eacb9cdf,2.97000000000116
16,10,1,3f298d687566438336877438eacb9cdf,0
18,12,1,3f298d687566438336877438eacb9cdf,1.95999999999913
25,11,1,3f298d687566438336877438eacb9cdf,7.97999999999593
15,15,1,3f298d687566438336877438eacb9cdf,3.95999999999913
19,13,1,3f298d687566438336877438eacb9cdf,5.95999999999913
17,11,1,3f298d687566438336877438eacb9cdf,6.95999999999913
13,11,1,3f298d687566438336877438eacb9cdf,9.95999999999913
16,11,1,3f298d687566438336877438eacb9cdf,11.0199999999968
26,16,1,3f298d687566438336877438eacb9cdf,12.6500000000015
18,12,1,3f298d687566438336877438eacb9cdf,0.959999999999127
18,15,1,3f298d687566438336877438eacb9cdf,8.97000000000116
16,17,1,3f298d687566438336877438eacb9cdf,12.9599999999991
15,20,1,23e3c2bf57601b2fe3cac4d3c9b0170f,1
18,16,1,23e3c2bf57601b2fe3cac4d3c9b0170f,2
15,14,1,23e3c2bf57601b2fe3cac4d3c9b0170f,3.08000000000175
15,16,1,23e3c2bf57601b2fe3cac4d3c9b0170f,5
15,15,1,23e3c2bf57601b2fe3cac4d3c9b0170f,6.06999999999971
15,14,1,23e3c2bf57601b2fe3cac4d3c9b0170f,7.04000000000087
16,30,1,23e3c2bf57601b2fe3cac4d3c9b0170f,0
15,14,1,23e3c2bf57601b2fe3cac4d3c9b0170f,11
15,16,1,23e3c2bf57601b2fe3cac4d3c9b0170f,12.010000000002
15,16,1,23e3c2bf57601b2fe3cac4d3c9b0170f,13
15,18,1,23e3c2bf57601b2fe3cac4d3c9b0170f,4
15,16,1,23e3c2bf57601b2fe3cac4d3c9b0170f,8.0199999999968
15,16,1,23e3c2bf57601b2fe3cac4d3c9b0170f,9
15,14,1,23e3c2bf57601b2fe3cac4d3c9b0170f,10
26,10,1,72809ab2b8225d6f576804938f0dbacb,5.87999999999738
23,11,1,72809ab2b8225d6f576804938f0dbacb,0.919999999998254
23,17,1,72809ab2b8225d6f576804938f0dbacb,1.87999999999738
23,14,1,72809ab2b8225d6f576804938f0dbacb,4.90999999999622
27,14,1,72809ab2b8225d6f576804938f0dbacb,9.90999999999622
25,13,1,72809ab2b8225d6f576804938f0dbacb,6.88999999999942
28,11,1,72809ab2b8225d6f576804938f0dbacb,7.96999999999389
28,10,1,72809ab2b8225d6f576804938f0dbacb,8.89999999999418
27,20,5,72809ab2b8225d6f576804938f0dbacb,12.8899999999994
21,17,4,72809ab2b8225d6f576804938f0dbacb,0
28,13,1,72809ab2b8225d6f576804938f0dbacb,11.9599999999991
25,13,1,72809ab2b8225d6f576804938f0dbacb,10.8899999999994
15,12,1,74bdc6c1372ad5835b941c29346c6d49,9.01000000000204
11,17,2,74bdc6c1372ad5835b941c29346c6d49,2.01000000000204
12,14,1,74bdc6c1372ad5835b941c29346c6d49,4.01000000000204
14,17,1,74bdc6c1372ad5835b941c29346c6d49,1.0199999999968
16,18,2,74bdc6c1372ad5835b941c29346c6d49,3.01000000000204
14,21,1,74bdc6c1372ad5835b941c29346c6d49,8.01000000000204
14,13,1,74bdc6c1372ad5835b941c29346c6d49,5.0199999999968
13,13,1,74bdc6c1372ad5835b941c29346c6d49,6.01000000000204
14,13,1,74bdc6c1372ad5835b941c29346c6d49,7.0199999999968
12,26,2,74bdc6c1372ad5835b941c29346c6d49,12.0199999999968
13,11,1,74bdc6c1372ad5835b941c29346c6d49,13.0500000000029
9,23,1,74bdc6c1372ad5835b941c29346c6d49,0
16,12,1,74bdc6c1372ad5835b941c29346c6d49,10.0199999999968
15,13,1,74bdc6c1372ad5835b941c29346c6d49,11.010000000002
16,11,1,1868a054bd5be5b21d6863fe31de49a4,3
16,25,6,1868a054bd5be5b21d6863fe31de49a4,4.01000000000204
20,20,5,1868a054bd5be5b21d6863fe31de49a4,1.01000000000204
17,15,1,1868a054bd5be5b21d6863fe31de49a4,2
18,12,2,1868a054bd5be5b21d6863fe31de49a4,7.02999999999884
15,10,1,1868a054bd5be5b21d6863fe31de49a4,8
12,18,1,1868a054bd5be5b21d6863fe31de49a4,5.01000000000204
15,12,1,1868a054bd5be5b21d6863fe31de49a4,6.01000000000204
12,13,2,1868a054bd5be5b21d6863fe31de49a4,12.1600000000035
15,11,1,1868a054bd5be5b21d6863fe31de49a4,11.1299999999974
14,12,2,1868a054bd5be5b21d6863fe31de49a4,0
16,10,1,1868a054bd5be5b21d6863fe31de49a4,9.08000000000175
18,10,1,1868a054bd5be5b21d6863fe31de49a4,10.1600000000035
25,26,1,6cda42a92529597b2a019e169a7aedbc,0
25,22,1,6cda42a92529597b2a019e169a7aedbc,6.06999999999971
19,23,1,6cda42a92529597b2a019e169a7aedbc,3.61000000000058
24,22,1,6cda42a92529597b2a019e169a7aedbc,3.97000000000116
25,20,1,6cda42a92529597b2a019e169a7aedbc,4.97999999999593
23,21,1,6cda42a92529597b2a019e169a7aedbc,9.97999999999593
22,25,1,6cda42a92529597b2a019e169a7aedbc,6.91999999999825
23,23,1,6cda42a92529597b2a019e169a7aedbc,7.91999999999825
24,21,1,6cda42a92529597b2a019e169a7aedbc,8.91999999999825
28,16,1,6cda42a92529597b2a019e169a7aedbc,13.0099999999948
22,26,1,6cda42a92529597b2a019e169a7aedbc,1.91999999999825
23,14,1,6cda42a92529597b2a019e169a7aedbc,12.0099999999948
23,15,1,6cda42a92529597b2a019e169a7aedbc,11.0899999999965
23,14,2,c2209d076fdd377a61cd9ca9a9c20cb6,1.0199999999968
21,14,5,c2209d076fdd377a61cd9ca9a9c20cb6,0
21,19,1,c2209d076fdd377a61cd9ca9a9c20cb6,5
23,17,3,c2209d076fdd377a61cd9ca9a9c20cb6,3.01000000000204
19,14,2,c2209d076fdd377a61cd9ca9a9c20cb6,4.02999999999884
18,11,1,c2209d076fdd377a61cd9ca9a9c20cb6,9
18,16,2,c2209d076fdd377a61cd9ca9a9c20cb6,6
18,13,2,c2209d076fdd377a61cd9ca9a9c20cb6,7.04000000000087
18,12,1,c2209d076fdd377a61cd9ca9a9c20cb6,8.02999999999884
18,10,1,c2209d076fdd377a61cd9ca9a9c20cb6,12
18,10,1,c2209d076fdd377a61cd9ca9a9c20cb6,13
19,11,1,c2209d076fdd377a61cd9ca9a9c20cb6,2
18,10,1,c2209d076fdd377a61cd9ca9a9c20cb6,10
18,10,1,c2209d076fdd377a61cd9ca9a9c20cb6,11.0599999999977
21,10,1,fd00b81d51aa551afe6a8a073ef89c52,3.0199999999968
20,10,1,fd00b81d51aa551afe6a8a073ef89c52,3.98999999999796
30,10,1,fd00b81d51aa551afe6a8a073ef89c52,1.08999999999651
22,10,1,fd00b81d51aa551afe6a8a073ef89c52,2.00999999999476
19,22,1,fd00b81d51aa551afe6a8a073ef89c52,7.11999999999534
19,10,1,fd00b81d51aa551afe6a8a073ef89c52,7.98999999999796
20,10,1,fd00b81d51aa551afe6a8a073ef89c52,5.07999999999447
21,10,1,fd00b81d51aa551afe6a8a073ef89c52,6.11000000000058
18,10,1,fd00b81d51aa551afe6a8a073ef89c52,11.989999999998
18,10,1,fd00b81d51aa551afe6a8a073ef89c52,12.989999999998
20,15,1,fd00b81d51aa551afe6a8a073ef89c52,0
18,10,1,fd00b81d51aa551afe6a8a073ef89c52,8.98999999999796
19,10,1,fd00b81d51aa551afe6a8a073ef89c52,9.98999999999796
20,10,1,fd00b81d51aa551afe6a8a073ef89c52,11.1699999999983
10,13,1,031f9df6267dd0827bf9e4d1464a4da6,3.05999999999767
3,27,8,031f9df6267dd0827bf9e4d1464a4da6,0
18,16,2,031f9df6267dd0827bf9e4d1464a4da6,0.989999999997963
11,21,2,031f9df6267dd0827bf9e4d1464a4da6,2.04999999999563
6,34,6,031f9df6267dd0827bf9e4d1464a4da6,6.11000000000058
12,15,1,031f9df6267dd0827bf9e4d1464a4da6,3.12999999999738
14,30,1,031f9df6267dd0827bf9e4d1464a4da6,4.09999999999855
15,17,6,031f9df6267dd0827bf9e4d1464a4da6,5.04999999999563
21,15,1,031f9df6267dd0827bf9e4d1464a4da6,12
17,25,4,031f9df6267dd0827bf9e4d1464a4da6,7.05999999999767
17,17,1,031f9df6267dd0827bf9e4d1464a4da6,8
18,15,1,031f9df6267dd0827bf9e4d1464a4da6,9.04999999999563
18,31,3,d985f2fc7a9c6b99276937a97c98a956,0
21,29,1,d985f2fc7a9c6b99276937a97c98a956,4.06999999999971
18,32,3,d985f2fc7a9c6b99276937a97c98a956,1.0199999999968
22,29,1,d985f2fc7a9c6b99276937a97c98a956,2
19,35,1,d985f2fc7a9c6b99276937a97c98a956,3
21,26,1,d985f2fc7a9c6b99276937a97c98a956,9
21,28,1,d985f2fc7a9c6b99276937a97c98a956,5.15000000000146
22,23,1,d985f2fc7a9c6b99276937a97c98a956,7.01000000000204
21,25,1,d985f2fc7a9c6b99276937a97c98a956,8.12999999999738
19,13,1,d985f2fc7a9c6b99276937a97c98a956,10.1800000000003
19,14,1,d985f2fc7a9c6b99276937a97c98a956,11.0999999999985
20,13,1,d985f2fc7a9c6b99276937a97c98a956,12.2699999999968
18,17,1,d985f2fc7a9c6b99276937a97c98a956,13.1200000000026
20,22,1,9698662b9f45e4622a69773efef94a59,6.12999999999738
20,18,1,9698662b9f45e4622a69773efef94a59,0
21,11,1,9698662b9f45e4622a69773efef94a59,1.00999999999476
22,10,1,9698662b9f45e4622a69773efef94a59,2
21,10,1,9698662b9f45e4622a69773efef94a59,3.11000000000058
19,12,1,9698662b9f45e4622a69773efef94a59,8.07999999999447
17,12,1,9698662b9f45e4622a69773efef94a59,9.16999999999825
21,10,1,9698662b9f45e4622a69773efef94a59,10.0799999999945
16,12,1,9698662b9f45e4622a69773efef94a59,11.989999999998
10,20,1,da172855cec6e38010bed0a264a94459,3.02999999999884
10,20,1,da172855cec6e38010bed0a264a94459,4.0199999999968
5,20,1,da172855cec6e38010bed0a264a94459,5.00999999999476
12,50,1,da172855cec6e38010bed0a264a94459,5.98999999999796
24,40,1,da172855cec6e38010bed0a264a94459,6.98999999999796
30,50,1,da172855cec6e38010bed0a264a94459,7.98999999999796
25,27,2,da172855cec6e38010bed0a264a94459,10
25,50,1,da172855cec6e38010bed0a264a94459,11.1399999999994
17,37,2,da172855cec6e38010bed0a264a94459,12
23,11,1,da172855cec6e38010bed0a264a94459,13
15,30,1,da172855cec6e38010bed0a264a94459,0.989999999997963
20,40,1,da172855cec6e38010bed0a264a94459,2.11000000000058
12,35,1,da172855cec6e38010bed0a264a94459,0
25,33,1,0b8d053bd2059d6383219dd081368e30,3
30,16,5,0b8d053bd2059d6383219dd081368e30,0
19,30,4,0b8d053bd2059d6383219dd081368e30,2
30,21,1,0b8d053bd2059d6383219dd081368e30,7.00999999999476
17,38,3,0b8d053bd2059d6383219dd081368e30,8
5,20,5,0b8d053bd2059d6383219dd081368e30,9.04000000000087
29,13,1,0b8d053bd2059d6383219dd081368e30,9.98999999999796
30,14,1,0b8d053bd2059d6383219dd081368e30,11
18,29,2,0b8d053bd2059d6383219dd081368e30,11.989999999998
25,24,1,0b8d053bd2059d6383219dd081368e30,3.98999999999796
18,21,1,0b8d053bd2059d6383219dd081368e30,5.00999999999476
30,19,3,0b8d053bd2059d6383219dd081368e30,5.98999999999796
14,28,3,d0f8cb307d25bd8142f8ae3334c8056f,4.03000000000611
20,29,4,d0f8cb307d25bd8142f8ae3334c8056f,0
19,23,6,d0f8cb307d25bd8142f8ae3334c8056f,1.88000000000466
20,17,1,d0f8cb307d25bd8142f8ae3334c8056f,2.87000000000262
,,0,d0f8cb307d25bd8142f8ae3334c8056f,9.90000000000146
16,,0,d0f8cb307d25bd8142f8ae3334c8056f,12.0500000000029
19,23,1,d0f8cb307d25bd8142f8ae3334c8056f,8.91000000000349
17,26,1,d0f8cb307d25bd8142f8ae3334c8056f,11.0600000000049
17,21,1,d0f8cb307d25bd8142f8ae3334c8056f,6
13,24,1,d0f8cb307d25bd8142f8ae3334c8056f,6.94000000000233
23,19,1,d0f8cb307d25bd8142f8ae3334c8056f,8.09000000000378
14,28,3,d0f8cb307d25bd8142f8ae3334c8056f,4.99000000000524
24,12,2,e6c5954fbc53472a8dd6603635fc7c9e,0
17,11,1,e6c5954fbc53472a8dd6603635fc7c9e,1
17,32,1,e6c5954fbc53472a8dd6603635fc7c9e,2
11,20,1,e6c5954fbc53472a8dd6603635fc7c9e,3
14,28,1,e6c5954fbc53472a8dd6603635fc7c9e,4
15,30,1,e6c5954fbc53472a8dd6603635fc7c9e,5.01000000000204
15,25,1,e6c5954fbc53472a8dd6603635fc7c9e,6
18,26,1,e6c5954fbc53472a8dd6603635fc7c9e,13.1399999999994
12,33,1,e6c5954fbc53472a8dd6603635fc7c9e,7.05000000000291
13,35,1,e6c5954fbc53472a8dd6603635fc7c9e,8.02999999999884
19,14,1,e6c5954fbc53472a8dd6603635fc7c9e,10.0299999999988
21,10,1,e6c5954fbc53472a8dd6603635fc7c9e,11.0800000000017
23,29,6,25b4b53b12270b5c39af883a8b4b0331,0
17,16,5,25b4b53b12270b5c39af883a8b4b0331,2.98999999999796
20,30,10,25b4b53b12270b5c39af883a8b4b0331,4.15999999999622
21,29,4,25b4b53b12270b5c39af883a8b4b0331,4.98999999999796
23,24,1,25b4b53b12270b5c39af883a8b4b0331,6.98999999999796
21,14,1,25b4b53b12270b5c39af883a8b4b0331,7.98999999999796
24,17,3,25b4b53b12270b5c39af883a8b4b0331,9.02999999999884
25,27,1,25b4b53b12270b5c39af883a8b4b0331,9.98999999999796
26,35,4,25b4b53b12270b5c39af883a8b4b0331,1.98999999999796
,,0,25b4b53b12270b5c39af883a8b4b0331,6.5199999999968
17,24,1,25b4b53b12270b5c39af883a8b4b0331,12
22,28,1,25b4b53b12270b5c39af883a8b4b0331,13.0199999999968
17,20,1,25b4b53b12270b5c39af883a8b4b0331,11.0699999999997
28,12,1,0d961e703fb365b3badf80532f54fac3,5.09999999999855
20,16,1,0d961e703fb365b3badf80532f54fac3,3.12000000000262
19,14,1,0d961e703fb365b3badf80532f54fac3,4.11000000000058
25,13,1,0d961e703fb365b3badf80532f54fac3,9
20,20,1,0d961e703fb365b3badf80532f54fac3,6
23,16,1,0d961e703fb365b3badf80532f54fac3,7.05000000000291
16,20,1,0d961e703fb365b3badf80532f54fac3,8.20999999999913
20,15,1,0d961e703fb365b3badf80532f54fac3,0
17,18,1,0d961e703fb365b3badf80532f54fac3,1.16999999999825
19,16,1,0d961e703fb365b3badf80532f54fac3,2.54000000000087
,,0,0d961e703fb365b3badf80532f54fac3,10
24,10,1,0d961e703fb365b3badf80532f54fac3,11.239999999998
20,10,1,0d961e703fb365b3badf80532f54fac3,12.1600000000035
16,10,1,0d961e703fb365b3badf80532f54fac3,13.0199999999968
22,10,1,0d961e703fb365b3badf80532f54fac3,10.1800000000003
22,17,3,c14ba9234cb47555d8c7219fe6425a0b,1.95000000000437
21,13,1,c14ba9234cb47555d8c7219fe6425a0b,3
22,13,1,c14ba9234cb47555d8c7219fe6425a0b,3.97000000000116
20,26,7,c14ba9234cb47555d8c7219fe6425a0b,4.97000000000116
19,28,4,c14ba9234cb47555d8c7219fe6425a0b,6.10000000000582
15,23,5,c14ba9234cb47555d8c7219fe6425a0b,6.94000000000233
21,24,3,c14ba9234cb47555d8c7219fe6425a0b,7.95999999999913
26,14,2,c14ba9234cb47555d8c7219fe6425a0b,0
21,25,4,c14ba9234cb47555d8c7219fe6425a0b,0.980000000003201
19,19,2,c14ba9234cb47555d8c7219fe6425a0b,9.94000000000233
15,20,3,c14ba9234cb47555d8c7219fe6425a0b,10.9400000000023
18,17,2,c14ba9234cb47555d8c7219fe6425a0b,11.9400000000023
20,20,1,c14ba9234cb47555d8c7219fe6425a0b,9.01000000000204
21,15,1,c14ba9234cb47555d8c7219fe6425a0b,12.9900000000052
24,16,1,35e81ea3fe8f668f1f7466485a499b8a,1.91000000000349
22,15,1,35e81ea3fe8f668f1f7466485a499b8a,2.91000000000349
25,15,1,35e81ea3fe8f668f1f7466485a499b8a,3.91000000000349
22,14,1,35e81ea3fe8f668f1f7466485a499b8a,6.91000000000349
21,14,1,35e81ea3fe8f668f1f7466485a499b8a,7.92000000000553
21,12,1,35e81ea3fe8f668f1f7466485a499b8a,8.92000000000553
23,15,1,35e81ea3fe8f668f1f7466485a499b8a,5.92000000000553
21,21,1,35e81ea3fe8f668f1f7466485a499b8a,0
22,20,1,35e81ea3fe8f668f1f7466485a499b8a,0.910000000003492
23,,1,35e81ea3fe8f668f1f7466485a499b8a,4.92000000000553
23,12,1,35e81ea3fe8f668f1f7466485a499b8a,12.9300000000003
24,14,1,35e81ea3fe8f668f1f7466485a499b8a,9.91000000000349
22,13,1,35e81ea3fe8f668f1f7466485a499b8a,10.9400000000023
24,13,1,35e81ea3fe8f668f1f7466485a499b8a,11.9200000000055
,,0,80dc2685dda5471cd8134eea4e7857d6,0
16,12,1,0a53c54f297a893e7a71dff9271bca85,3.72000000000116
17,10,1,0a53c54f297a893e7a71dff9271bca85,3.97000000000116
16,12,1,0a53c54f297a893e7a71dff9271bca85,4.97000000000116
18,12,1,0a53c54f297a893e7a71dff9271bca85,6.04000000000087
16,11,1,0a53c54f297a893e7a71dff9271bca85,7.08000000000175
24,12,2,0a53c54f297a893e7a71dff9271bca85,0
19,15,1,0a53c54f297a893e7a71dff9271bca85,0.970000000001164
24,18,1,0a53c54f297a893e7a71dff9271bca85,1.97000000000116
22,12,1,0a53c54f297a893e7a71dff9271bca85,3
18,11,1,0a53c54f297a893e7a71dff9271bca85,9.02000000000407
12,10,1,0a53c54f297a893e7a71dff9271bca85,9.98999999999796
18,10,1,0a53c54f297a893e7a71dff9271bca85,11
20,12,1,0a53c54f297a893e7a71dff9271bca85,8
18,10,1,0a53c54f297a893e7a71dff9271bca85,13.0500000000029
18,10,1,0a53c54f297a893e7a71dff9271bca85,12.0999999999985
,,0,4165db2b914e1082c1672fb795a18c35,8.7699999999968
15,15,1,4165db2b914e1082c1672fb795a18c35,0.849999999998545
18,13,1,4165db2b914e1082c1672fb795a18c35,5.37999999999738
18,13,1,4165db2b914e1082c1672fb795a18c35,4.36000000000058
15,13,1,4165db2b914e1082c1672fb795a18c35,5.80999999999767
15,14,1,4165db2b914e1082c1672fb795a18c35,1.83999999999651
16,13,1,4165db2b914e1082c1672fb795a18c35,2.76000000000204
15,15,1,4165db2b914e1082c1672fb795a18c35,12.760000000002
18,16,1,4165db2b914e1082c1672fb795a18c35,0
14,15,1,4165db2b914e1082c1672fb795a18c35,9.75
18,13,1,4165db2b914e1082c1672fb795a18c35,6.79000000000087
15,14,1,4165db2b914e1082c1672fb795a18c35,7.77999999999884
16,15,1,4165db2b914e1082c1672fb795a18c35,8.7699999999968
14,14,1,4165db2b914e1082c1672fb795a18c35,11.4100000000035
17,17,2,4165db2b914e1082c1672fb795a18c35,11.75
13,31,7,e2cafe6bf537dfa6773ff74112778cf2,3.2100000000064
15,29,4,e2cafe6bf537dfa6773ff74112778cf2,6
12,32,6,e2cafe6bf537dfa6773ff74112778cf2,6.9800000000032
15,27,5,e2cafe6bf537dfa6773ff74112778cf2,4
13,31,6,e2cafe6bf537dfa6773ff74112778cf2,5.03000000000611
14,34,8,e2cafe6bf537dfa6773ff74112778cf2,1.04000000000087
15,33,8,e2cafe6bf537dfa6773ff74112778cf2,0
13,25,1,e2cafe6bf537dfa6773ff74112778cf2,12.0900000000038
15,31,6,e2cafe6bf537dfa6773ff74112778cf2,2.06999999999971
14,,3,e2cafe6bf537dfa6773ff74112778cf2,8.9800000000032
14,25,3,e2cafe6bf537dfa6773ff74112778cf2,11.010000000002
14,29,1,e2cafe6bf537dfa6773ff74112778cf2,8.01000000000204
16,29,2,e2cafe6bf537dfa6773ff74112778cf2,10.0500000000029
13,26,1,e2cafe6bf537dfa6773ff74112778cf2,12.9900000000052
10,34,2,2aac68e4efdb01c3018efd38d5627bed,4.08999999999651
12,32,1,2aac68e4efdb01c3018efd38d5627bed,7
10,31,1,2aac68e4efdb01c3018efd38d5627bed,8.04000000000087
14,24,7,2aac68e4efdb01c3018efd38d5627bed,0
16,21,1,2aac68e4efdb01c3018efd38d5627bed,1
19,30,4,2aac68e4efdb01c3018efd38d5627bed,2
11,32,1,2aac68e4efdb01c3018efd38d5627bed,12
9,34,1,2aac68e4efdb01c3018efd38d5627bed,5.05000000000291
7,27,1,2aac68e4efdb01c3018efd38d5627bed,6.05999999999767
12,28,1,2aac68e4efdb01c3018efd38d5627bed,11.0899999999965
13,26,1,2aac68e4efdb01c3018efd38d5627bed,13
21,32,1,2aac68e4efdb01c3018efd38d5627bed,9.02999999999884
15,37,1,2aac68e4efdb01c3018efd38d5627bed,10.010000000002
8,13,1,6ddd33cdb37254d4b16a70159cc363b4,1.84999999999854
11,16,1,6ddd33cdb37254d4b16a70159cc363b4,4.88999999999942
10,18,1,6ddd33cdb37254d4b16a70159cc363b4,5.86000000000058
11,11,1,6ddd33cdb37254d4b16a70159cc363b4,6.86999999999534
12,21,1,6ddd33cdb37254d4b16a70159cc363b4,0
10,10,1,6ddd33cdb37254d4b16a70159cc363b4,0.849999999998545
1,26,1,6ddd33cdb37254d4b16a70159cc363b4,11.8600000000006
7,18,1,6ddd33cdb37254d4b16a70159cc363b4,2.86999999999534
11,11,1,6ddd33cdb37254d4b16a70159cc363b4,3.86000000000058
9,15,1,6ddd33cdb37254d4b16a70159cc363b4,9.84999999999854
6,12,1,6ddd33cdb37254d4b16a70159cc363b4,12.8499999999985
8,10,1,6ddd33cdb37254d4b16a70159cc363b4,7.86999999999534
16,14,1,98335db739247d0bf1ecd14a59c8cc8b,4.83999999999651
16,13,1,98335db739247d0bf1ecd14a59c8cc8b,7.85999999999331
17,13,1,98335db739247d0bf1ecd14a59c8cc8b,8.86999999999534
16,15,1,98335db739247d0bf1ecd14a59c8cc8b,10.739999999998
15,14,1,98335db739247d0bf1ecd14a59c8cc8b,0
16,16,1,98335db739247d0bf1ecd14a59c8cc8b,0.919999999998254
16,15,1,98335db739247d0bf1ecd14a59c8cc8b,3.43999999999505
16,15,1,98335db739247d0bf1ecd14a59c8cc8b,4.37999999999738
17,15,1,98335db739247d0bf1ecd14a59c8cc8b,6.46999999999389
17,13,1,98335db739247d0bf1ecd14a59c8cc8b,6.83999999999651
19,15,1,98335db739247d0bf1ecd14a59c8cc8b,12.8499999999985
17,15,1,98335db739247d0bf1ecd14a59c8cc8b,10.8999999999942
20,14,1,98335db739247d0bf1ecd14a59c8cc8b,11.8599999999933
15,14,1,928d0b97156001632ab39aeeaf3d11a0,5
18,10,1,928d0b97156001632ab39aeeaf3d11a0,9.01000000000204
20,11,1,928d0b97156001632ab39aeeaf3d11a0,8
19,13,1,928d0b97156001632ab39aeeaf3d11a0,0
17,11,1,928d0b97156001632ab39aeeaf3d11a0,1.01000000000204
9,20,1,928d0b97156001632ab39aeeaf3d11a0,2
8,21,1,928d0b97156001632ab39aeeaf3d11a0,3.05000000000291
10,23,1,928d0b97156001632ab39aeeaf3d11a0,4
22,18,1,928d0b97156001632ab39aeeaf3d11a0,12.0400000000009
24,11,1,928d0b97156001632ab39aeeaf3d11a0,6.04000000000087
24,13,1,928d0b97156001632ab39aeeaf3d11a0,7.01000000000204
20,10,1,928d0b97156001632ab39aeeaf3d11a0,11
26,28,1,928d0b97156001632ab39aeeaf3d11a0,13.0199999999968
18,11,1,928d0b97156001632ab39aeeaf3d11a0,10
15,32,2,714fe96140e957870c65d17bb7bcbeb0,3.97999999999593
,,0,714fe96140e957870c65d17bb7bcbeb0,5.97000000000116
16,33,3,714fe96140e957870c65d17bb7bcbeb0,6.97000000000116
17,36,5,714fe96140e957870c65d17bb7bcbeb0,7.97000000000116
20,26,4,714fe96140e957870c65d17bb7bcbeb0,0
21,24,5,714fe96140e957870c65d17bb7bcbeb0,0.970000000001164
18,24,8,714fe96140e957870c65d17bb7bcbeb0,1.97000000000116
14,28,3,714fe96140e957870c65d17bb7bcbeb0,10.9799999999959
15,30,3,714fe96140e957870c65d17bb7bcbeb0,3.97999999999593
19,15,2,714fe96140e957870c65d17bb7bcbeb0,4.98999999999796
18,24,1,714fe96140e957870c65d17bb7bcbeb0,5.97000000000116
14,30,4,714fe96140e957870c65d17bb7bcbeb0,11.9599999999991
18,35,4,714fe96140e957870c65d17bb7bcbeb0,8.97000000000116
19,30,4,714fe96140e957870c65d17bb7bcbeb0,9.97000000000116
17,23,3,714fe96140e957870c65d17bb7bcbeb0,12.9799999999959
15,37,2,b74fd264ef5cf394236ead873bc33064,3.04999999999563
15,38,1,b74fd264ef5cf394236ead873bc33064,7
19,36,1,b74fd264ef5cf394236ead873bc33064,8.09999999999855
22,37,3,b74fd264ef5cf394236ead873bc33064,0
19,36,1,b74fd264ef5cf394236ead873bc33064,1.09999999999854
15,40,2,b74fd264ef5cf394236ead873bc33064,1.98999999999796
15,30,1,b74fd264ef5cf394236ead873bc33064,12
15,49,3,b74fd264ef5cf394236ead873bc33064,4.06999999999971
15,42,2,b74fd264ef5cf394236ead873bc33064,5.12999999999738
15,36,1,b74fd264ef5cf394236ead873bc33064,6.0199999999968
15,36,1,b74fd264ef5cf394236ead873bc33064,9.00999999999476
5,37,1,b74fd264ef5cf394236ead873bc33064,10.0400000000009
15,30,1,b74fd264ef5cf394236ead873bc33064,11
15,35,1,b74fd264ef5cf394236ead873bc33064,12.989999999998
15,23,1,673871a521d423223e713c121653482e,3.80999999999767
17,26,1,673871a521d423223e713c121653482e,7
17,27,5,673871a521d423223e713c121653482e,0
19,27,1,673871a521d423223e713c121653482e,1.16999999999825
16,17,1,673871a521d423223e713c121653482e,1.98999999999796
22,21,1,673871a521d423223e713c121653482e,9
13,16,1,673871a521d423223e713c121653482e,3.98999999999796
14,25,2,673871a521d423223e713c121653482e,5
11,22,1,673871a521d423223e713c121653482e,6.04000000000087
11,28,1,673871a521d423223e713c121653482e,12.989999999998
21,30,1,673871a521d423223e713c121653482e,9.98999999999796
16,32,1,673871a521d423223e713c121653482e,11.3299999999945
15,30,1,673871a521d423223e713c121653482e,7.98999999999796
13,28,1,673871a521d423223e713c121653482e,11.989999999998
21,34,2,b34c268391e327b071e1eab0ec694253,0
23,11,1,b34c268391e327b071e1eab0ec694253,5.02999999999884
20,11,1,b34c268391e327b071e1eab0ec694253,6.06999999999971
21,18,1,b34c268391e327b071e1eab0ec694253,4.08000000000175
22,15,1,b34c268391e327b071e1eab0ec694253,8.05999999999767
18,45,2,b34c268391e327b071e1eab0ec694253,1.08999999999651
16,14,1,b34c268391e327b071e1eab0ec694253,2.01000000000204
20,16,1,b34c268391e327b071e1eab0ec694253,3.08999999999651
19,15,1,b34c268391e327b071e1eab0ec694253,13.0699999999997
21,23,1,b34c268391e327b071e1eab0ec694253,10.6500000000015
24,19,1,b34c268391e327b071e1eab0ec694253,11.010000000002
20,11,1,b34c268391e327b071e1eab0ec694253,7
22,10,1,b34c268391e327b071e1eab0ec694253,12.1100000000006
18,10,1,372bba63b55cc27771414ff4049f26b6,2.9800000000032
18,10,1,372bba63b55cc27771414ff4049f26b6,8.53000000000611
19,10,1,372bba63b55cc27771414ff4049f26b6,8.95000000000437
19,10,1,372bba63b55cc27771414ff4049f26b6,6.91000000000349
22,14,1,372bba63b55cc27771414ff4049f26b6,0
18,17,1,372bba63b55cc27771414ff4049f26b6,1.11000000000058
18,11,1,372bba63b55cc27771414ff4049f26b6,12.9100000000035
20,11,1,372bba63b55cc27771414ff4049f26b6,3.91000000000349
18,10,1,372bba63b55cc27771414ff4049f26b6,4.92000000000553
18,10,1,372bba63b55cc27771414ff4049f26b6,5.93000000000029
18,10,1,372bba63b55cc27771414ff4049f26b6,9.95000000000437
18,12,1,372bba63b55cc27771414ff4049f26b6,10.9300000000003
18,11,1,372bba63b55cc27771414ff4049f26b6,12.8400000000038
18,16,2,d998ddf81df3cac15784dad16ebc4c75,1.97999999999593
18,16,1,d998ddf81df3cac15784dad16ebc4c75,9.94999999999709
12,19,2,d998ddf81df3cac15784dad16ebc4c75,7.00999999999476
20,10,1,d998ddf81df3cac15784dad16ebc4c75,7.96999999999389
17,29,1,d998ddf81df3cac15784dad16ebc4c75,0
20,15,3,d998ddf81df3cac15784dad16ebc4c75,1.00999999999476
18,21,1,d998ddf81df3cac15784dad16ebc4c75,2.94999999999709
17,20,1,d998ddf81df3cac15784dad16ebc4c75,4.0399999999936
15,32,1,d998ddf81df3cac15784dad16ebc4c75,5.00999999999476
17,14,1,d998ddf81df3cac15784dad16ebc4c75,10.9599999999991
16,14,1,d998ddf81df3cac15784dad16ebc4c75,12.9499999999971
18,10,1,21221df5bf0e68f496c1d6ba8d2455c9,3.09999999999855
18,10,1,21221df5bf0e68f496c1d6ba8d2455c9,7.11999999999534
18,10,1,21221df5bf0e68f496c1d6ba8d2455c9,8.20999999999913
19,11,2,21221df5bf0e68f496c1d6ba8d2455c9,0
19,11,1,21221df5bf0e68f496c1d6ba8d2455c9,0
19,12,2,21221df5bf0e68f496c1d6ba8d2455c9,0.0999999999985448
19,10,1,21221df5bf0e68f496c1d6ba8d2455c9,1.11000000000058
18,10,1,21221df5bf0e68f496c1d6ba8d2455c9,2.11999999999534
18,10,1,21221df5bf0e68f496c1d6ba8d2455c9,11.1599999999962
18,10,1,21221df5bf0e68f496c1d6ba8d2455c9,4.12999999999738
19,10,1,21221df5bf0e68f496c1d6ba8d2455c9,5.12999999999738
18,10,1,21221df5bf0e68f496c1d6ba8d2455c9,6.15000000000146
18,10,1,21221df5bf0e68f496c1d6ba8d2455c9,9.29999999999563
18,10,1,21221df5bf0e68f496c1d6ba8d2455c9,10.1800000000003
17,22,1,b7c13b15173ba486027a21036a2d2be6,6
17,20,1,b7c13b15173ba486027a21036a2d2be6,12.9900000000052
15,22,1,b7c13b15173ba486027a21036a2d2be6,10.9800000000032
16,17,2,b7c13b15173ba486027a21036a2d2be6,0
16,15,1,b7c13b15173ba486027a21036a2d2be6,1.88000000000466
16,22,1,b7c13b15173ba486027a21036a2d2be6,1.99000000000524
17,19,1,b7c13b15173ba486027a21036a2d2be6,3.99000000000524
18,17,1,b7c13b15173ba486027a21036a2d2be6,4.99000000000524
,22,1,b7c13b15173ba486027a21036a2d2be6,7.9800000000032
20,23,1,b7c13b15173ba486027a21036a2d2be6,7.03000000000611
18,24,1,b7c13b15173ba486027a21036a2d2be6,8.99000000000524
16,23,2,b7c13b15173ba486027a21036a2d2be6,9.9800000000032
17,15,1,b7c13b15173ba486027a21036a2d2be6,2.99000000000524
20,22,1,487c2d13c2a1765c0c145139932ba678,7.05999999999767
22,18,3,487c2d13c2a1765c0c145139932ba678,0
18,20,1,487c2d13c2a1765c0c145139932ba678,1.00999999999476
19,18,1,487c2d13c2a1765c0c145139932ba678,2.09999999999854
19,19,2,487c2d13c2a1765c0c145139932ba678,3.02999999999884
18,18,2,487c2d13c2a1765c0c145139932ba678,3.98999999999796
20,20,2,487c2d13c2a1765c0c145139932ba678,5.12999999999738
21,21,1,487c2d13c2a1765c0c145139932ba678,6.09999999999855
13,10,1,487c2d13c2a1765c0c145139932ba678,13
15,18,1,487c2d13c2a1765c0c145139932ba678,10.6500000000015
19,15,1,487c2d13c2a1765c0c145139932ba678,10.989999999998
15,17,1,487c2d13c2a1765c0c145139932ba678,11.989999999998
14,30,5,487c2d13c2a1765c0c145139932ba678,9.23999999999796
13,18,1,487c2d13c2a1765c0c145139932ba678,14.1899999999951
18,11,1,1de3010e260dee56517c4f40b1ce48ae,5.98999999999796
21,15,1,1de3010e260dee56517c4f40b1ce48ae,0
24,19,2,1de3010e260dee56517c4f40b1ce48ae,0.970000000001164
19,17,2,1de3010e260dee56517c4f40b1ce48ae,2.05999999999767
19,15,2,1de3010e260dee56517c4f40b1ce48ae,2.97000000000116
17,10,1,1de3010e260dee56517c4f40b1ce48ae,4.01000000000204
21,13,1,1de3010e260dee56517c4f40b1ce48ae,4.98999999999796
20,10,1,1de3010e260dee56517c4f40b1ce48ae,9.9800000000032
20,12,1,1de3010e260dee56517c4f40b1ce48ae,7.88000000000466
21,11,1,1de3010e260dee56517c4f40b1ce48ae,7.97000000000116
18,10,1,1de3010e260dee56517c4f40b1ce48ae,8.9800000000032
17,11,1,1de3010e260dee56517c4f40b1ce48ae,11.9700000000012
19,14,1,1de3010e260dee56517c4f40b1ce48ae,11.9700000000012
20,13,1,1de3010e260dee56517c4f40b1ce48ae,12.9700000000012
19,19,1,fca7fe1b0c74110c96040c23a804f30b,7.16000000000349
20,21,5,fca7fe1b0c74110c96040c23a804f30b,0
25,15,1,fca7fe1b0c74110c96040c23a804f30b,2.01000000000204
21,11,1,fca7fe1b0c74110c96040c23a804f30b,3.04000000000087
24,11,1,fca7fe1b0c74110c96040c23a804f30b,4.01000000000204
22,15,1,fca7fe1b0c74110c96040c23a804f30b,5.09999999999855
23,13,1,fca7fe1b0c74110c96040c23a804f30b,6.06999999999971
24,17,1,fca7fe1b0c74110c96040c23a804f30b,13.0199999999968
21,12,1,fca7fe1b0c74110c96040c23a804f30b,8
24,17,1,fca7fe1b0c74110c96040c23a804f30b,10.0999999999985
30,15,1,fca7fe1b0c74110c96040c23a804f30b,11.010000000002
21,17,1,19f8174ae1c6c98d8604a1f16307ca1f,9.95999999999913
21,33,3,19f8174ae1c6c98d8604a1f16307ca1f,0.919999999998254
23,22,3,19f8174ae1c6c98d8604a1f16307ca1f,2.58000000000175
16,11,1,19f8174ae1c6c98d8604a1f16307ca1f,2.91000000000349
21,12,1,19f8174ae1c6c98d8604a1f16307ca1f,3.91999999999825
20,23,1,19f8174ae1c6c98d8604a1f16307ca1f,4.94000000000233
15,38,3,19f8174ae1c6c98d8604a1f16307ca1f,6.11000000000058
20,14,1,19f8174ae1c6c98d8604a1f16307ca1f,6.90000000000146
23,15,1,19f8174ae1c6c98d8604a1f16307ca1f,8.05000000000291
18,28,1,19f8174ae1c6c98d8604a1f16307ca1f,0
16,30,1,19f8174ae1c6c98d8604a1f16307ca1f,11.1200000000026
16,30,1,19f8174ae1c6c98d8604a1f16307ca1f,11.989999999998
17,17,1,19f8174ae1c6c98d8604a1f16307ca1f,13.0400000000009
